Hour,Electric Load (kW)
1,1.749
2,1.995
3,2.134
4,2.121
5,1.177
6,0.852
7,0.716
8,0.739
9,1.052
10,2.186
11,4.307
12,4.066
13,2.245
14,0.82
15,0.926
16,1.144
17,1.312
18,2.74
19,2.0
20,2.027
21,2.339
22,2.779
23,2.651
24,1.767
25,1.998
26,2.133
27,1.54
28,0.888
29,0.903
30,0.863
31,0.974
32,0.874
33,1.283
34,1.712
35,1.898
36,2.934
37,2.03
38,1.319
39,1.709
40,1.836
41,2.043
42,3.753
43,2.107
44,1.783
45,1.683
46,1.584
47,1.738
48,0.753
49,0.843
50,0.882
51,0.882
52,0.839
53,0.826
54,0.819
55,0.953
56,1.541
57,0.896
58,0.726
59,0.471
60,0.502
61,0.705
62,1.346
63,2.099
64,0.789
65,0.816
66,2.289
67,1.802
68,1.924
69,1.461
70,0.986
71,0.433
72,0.691
73,0.829
74,0.812
75,0.823
76,0.777
77,0.278
78,0.502
79,0.871
80,1.085
81,1.393
82,0.902
83,0.631
84,0.472
85,0.462
86,0.598
87,0.703
88,0.787
89,0.855
90,2.112
91,1.715
92,1.6
93,1.224
94,1.162
95,1.177
96,0.365
97,0.343
98,0.569
99,0.745
100,0.777
101,0.743
102,0.724
103,0.691
104,1.674
105,1.502
106,1.103
107,0.914
108,0.835
109,0.715
110,0.517
111,0.534
112,0.533
113,0.702
114,2.694
115,1.941
116,2.337
117,2.338
118,1.623
119,1.14
120,0.412
121,0.274
122,0.56
123,0.832
124,0.783
125,0.699
126,0.687
127,0.742
128,1.579
129,1.097
130,4.501
131,0.745
132,0.535
133,0.496
134,0.507
135,0.558
136,0.585
137,2.071
138,3.29
139,2.157
140,2.102
141,2.04
142,1.769
143,1.049
144,0.402
145,0.269
146,0.449
147,0.652
148,0.681
149,0.711
150,0.637
151,0.773
152,0.741
153,1.311
154,1.535
155,1.051
156,0.381
157,1.186
158,0.755
159,0.697
160,0.681
161,0.705
162,1.416
163,3.575
164,3.223
165,3.507
166,1.052
167,0.903
168,0.476
169,0.315
170,0.569
171,0.673
172,0.748
173,0.718
174,0.693
175,0.695
176,0.825
177,0.759
178,1.05
179,0.476
180,0.446
181,0.277
182,0.271
183,0.258
184,0.79
185,1.547
186,3.277
187,1.571
188,1.599
189,1.669
190,1.899
191,1.041
192,0.828
193,0.816
194,0.764
195,0.704
196,0.708
197,0.747
198,0.727
199,1.066
200,1.643
201,0.719
202,0.468
203,0.387
204,0.451
205,0.934
206,0.603
207,0.574
208,0.646
209,1.959
210,2.29
211,1.517
212,1.325
213,1.199
214,1.286
215,0.93
216,0.479
217,0.326
218,0.371
219,0.57
220,0.682
221,0.745
222,0.684
223,1.136
224,1.626
225,0.565
226,0.497
227,0.405
228,0.485
229,0.347
230,0.403
231,0.399
232,0.511
233,0.605
234,3.037
235,1.966
236,1.949
237,1.248
238,0.988
239,0.407
240,0.439
241,0.638
242,0.642
243,0.643
244,0.621
245,0.586
246,0.606
247,0.62
248,1.609
249,1.546
250,0.899
251,0.883
252,0.637
253,0.649
254,0.739
255,0.842
256,0.69
257,0.844
258,1.67
259,1.608
260,1.868
261,1.907
262,1.492
263,1.125
264,0.607
265,0.692
266,0.74
267,0.781
268,0.741
269,0.749
270,0.726
271,0.923
272,1.701
273,0.928
274,0.784
275,0.662
276,0.505
277,0.396
278,0.401
279,0.551
280,0.614
281,0.874
282,1.696
283,1.948
284,1.497
285,1.207
286,1.212
287,1.26
288,0.863
289,0.394
290,0.623
291,0.827
292,0.904
293,0.96
294,0.757
295,0.946
296,1.064
297,0.95
298,3.553
299,1.597
300,0.295
301,0.287
302,0.307
303,0.865
304,3.724
305,0.676
306,1.393
307,1.718
308,1.226
309,1.069
310,0.882
311,0.532
312,0.414
313,0.54
314,0.643
315,0.695
316,0.631
317,0.656
318,0.61
319,0.726
320,1.2
321,3.969
322,1.917
323,1.956
324,0.51
325,0.281
326,0.341
327,0.35
328,0.451
329,1.283
330,1.462
331,2.272
332,1.498
333,1.085
334,1.279
335,0.913
336,0.408
337,0.622
338,0.647
339,0.722
340,0.65
341,0.706
342,0.703
343,0.811
344,0.675
345,1.602
346,1.835
347,0.412
348,3.31
349,0.685
350,0.91
351,0.733
352,0.736
353,1.64
354,3.003
355,1.78
356,1.558
357,0.902
358,1.112
359,0.882
360,0.359
361,0.316
362,0.591
363,0.768
364,0.83
365,0.809
366,0.816
367,0.884
368,1.226
369,1.968
370,1.838
371,1.49
372,1.014
373,0.374
374,0.356
375,0.823
376,1.203
377,1.752
378,2.194
379,1.577
380,0.951
381,1.003
382,0.82
383,0.67
384,0.657
385,0.765
386,0.821
387,0.828
388,0.778
389,0.813
390,0.796
391,1.027
392,1.518
393,0.413
394,0.495
395,0.616
396,0.598
397,0.635
398,0.627
399,0.756
400,1.006
401,1.128
402,1.82
403,2.326
404,1.581
405,1.036
406,0.958
407,0.91
408,0.502
409,0.783
410,0.893
411,0.85
412,0.797
413,0.812
414,0.772
415,0.764
416,1.385
417,1.7
418,1.696
419,1.609
420,1.666
421,1.747
422,1.134
423,1.256
424,1.123
425,1.898
426,2.067
427,2.075
428,1.772
429,1.148
430,1.35
431,1.224
432,0.361
433,0.336
434,0.731
435,1.001
436,0.938
437,0.949
438,0.862
439,0.989
440,1.489
441,1.654
442,1.399
443,0.941
444,0.512
445,0.636
446,0.748
447,0.788
448,2.194
449,4.234
450,3.58
451,1.592
452,1.477
453,1.019
454,1.099
455,1.087
456,0.376
457,0.596
458,0.801
459,0.889
460,0.852
461,0.831
462,0.837
463,1.332
464,2.086
465,1.71
466,1.099
467,0.756
468,0.295
469,0.483
470,0.746
471,1.067
472,1.074
473,0.967
474,1.598
475,2.661
476,5.433
477,1.652
478,1.066
479,1.37
480,1.188
481,0.378
482,0.415
483,0.727
484,0.908
485,0.939
486,0.9
487,0.994
488,1.729
489,1.682
490,1.823
491,2.530999
492,1.702
493,1.242
494,1.535
495,1.606
496,1.761
497,1.169
498,1.43
499,1.876
500,1.94
501,1.791
502,1.331
503,0.815
504,0.444
505,0.686
506,0.899
507,0.917
508,0.985
509,0.896
510,0.898
511,0.865
512,1.576
513,1.961
514,1.291
515,1.213
516,2.132
517,1.17
518,1.171
519,0.986
520,1.249
521,1.576
522,2.591
523,1.832
524,1.604
525,1.309
526,0.846
527,0.35
528,0.558
529,0.779
530,0.884
531,0.872
532,0.824
533,0.779
534,0.777
535,0.913
536,1.748
537,1.343
538,0.826
539,0.633
540,0.47
541,0.407
542,0.639
543,1.118
544,0.971
545,1.351
546,2.155
547,1.612
548,1.656
549,1.771
550,1.219
551,0.727
552,0.33
553,0.523
554,0.732
555,0.884
556,0.844
557,0.819
558,0.803
559,1.207
560,1.717
561,0.985
562,1.143
563,0.894
564,0.862
565,1.042
566,0.557
567,0.62
568,0.626
569,1.233
570,2.074
571,2.009
572,1.779
573,1.205
574,1.012
575,0.528
576,0.539
577,0.81
578,0.934
579,0.96
580,0.862
581,0.872
582,0.844
583,1.315
584,1.694
585,0.751
586,1.012
587,1.079
588,0.612
589,0.57
590,0.551
591,0.629
592,0.677
593,0.739
594,3.126
595,1.828
596,1.981
597,1.631
598,1.624
599,1.145
600,0.586
601,0.369
602,0.696
603,1.015
604,0.987
605,0.929
606,0.857
607,1.057
608,1.719
609,1.249
610,1.076
611,0.746
612,0.775
613,0.54
614,0.71
615,0.866
616,0.916
617,0.982
618,1.471
619,1.94
620,1.783
621,1.32
622,1.067
623,0.59
624,0.458
625,0.668
626,0.849
627,0.806
628,0.796
629,0.74
630,0.728
631,1.004
632,1.837
633,1.263
634,3.424
635,0.959
636,3.511
637,0.863
638,0.344
639,0.475
640,0.607
641,0.691
642,1.278
643,1.934
644,1.604
645,0.709
646,0.772
647,0.867
648,0.875
649,0.786
650,0.759
651,0.724
652,0.733
653,0.735
654,0.747
655,0.93
656,1.531
657,1.803
658,2.413
659,1.608
660,0.567
661,0.373
662,0.905
663,1.428
664,1.619
665,4.481
666,2.565
667,2.238
668,1.287
669,3.835
670,1.141
671,1.122
672,1.025
673,0.947
674,1.008
675,0.996
676,0.992
677,0.994
678,1.019
679,0.982
680,1.491
681,2.087
682,1.911
683,1.903
684,2.573
685,1.749
686,2.069
687,2.967
688,3.326
689,2.795
690,3.922999
691,3.019
692,2.202
693,1.556
694,1.273
695,0.937
696,0.439
697,0.844
698,0.982
699,0.972
700,0.981
701,0.976
702,0.965
703,0.971
704,1.723
705,1.752
706,1.175
707,1.062
708,0.613
709,0.706
710,0.782
711,0.78
712,0.971
713,1.605
714,2.592
715,1.904
716,2.145
717,1.381
718,1.288
719,0.922
720,0.647
721,0.81
722,0.932
723,0.912
724,0.858
725,0.972
726,0.973
727,1.353
728,2.182
729,1.702
730,1.477
731,1.099
732,1.013
733,0.924
734,0.869
735,0.944
736,1.187
737,1.017
738,2.275
739,2.302
740,1.242
741,1.052
742,1.156
743,0.937
744,0.599
745,0.881
746,0.849
747,0.834
748,0.793
749,0.773
750,0.765
751,1.149
752,2.049
753,0.949
754,0.949
755,0.858
756,0.743
757,0.387
758,0.471
759,0.544
760,0.641
761,0.614
762,0.733
763,1.522
764,1.678
765,1.429
766,1.261
767,1.169
768,0.922
769,0.681
770,0.823
771,0.938
772,1.103
773,0.92
774,1.134
775,0.974
776,2.004
777,1.424
778,1.35
779,1.35
780,0.92
781,1.0153861095107455
782,1.0153861095107455
783,1.0153861095107455
784,1.0153861095107455
785,0.913
786,1.529
787,1.535
788,1.254
789,1.208
790,1.318
791,0.882
792,0.874
793,0.996
794,1.001
795,0.948
796,0.897
797,0.895
798,0.937
799,0.972
800,1.702
801,1.191
802,0.455
803,0.417
804,0.365
805,0.325
806,0.335
807,0.382
808,0.554
809,0.527
810,1.107
811,1.094
812,1.046
813,1.064
814,0.552
815,0.481
816,0.617
817,0.703
818,0.73
819,0.739
820,0.657
821,0.68
822,0.809
823,0.98
824,1.231
825,1.855
826,4.145
827,3.685
828,1.05
829,1.423
830,0.997
831,0.722
832,0.298
833,0.282
834,0.366
835,6.012
836,2.886
837,1.152
838,0.927
839,0.542
840,0.481
841,0.586
842,0.803
843,0.794
844,0.907
845,0.867
846,0.916
847,0.975
848,0.81
849,3.322
850,1.94
851,1.318
852,0.408
853,0.361
854,0.377
855,0.911
856,0.991
857,0.743
858,1.246
859,1.313
860,1.185
861,1.662
862,1.215
863,0.802
864,0.53
865,0.614
866,0.742
867,0.805
868,0.775
869,0.835
870,0.836
871,1.0
872,2.443
873,1.256
874,1.764
875,3.394
876,3.825
877,1.38
878,0.714
879,0.688
880,0.854
881,1.279
882,2.577
883,1.998
884,1.863
885,1.245
886,0.916
887,0.5
888,0.446
889,1.204652
890,1.204652
891,1.204652
892,1.204652
893,1.204652
894,1.204652
895,1.204652
896,1.204652
897,1.204652
898,1.204652
899,1.204652
900,1.204652
901,1.204652
902,1.204652
903,1.204652
904,1.204652
905,1.204652
906,1.204652
907,1.204652
908,1.204652
909,2.18
910,1.571
911,1.532
912,0.824
913,0.4
914,0.559
915,0.752
916,0.854
917,0.87
918,1.074
919,1.299
920,1.513
921,0.935
922,0.788
923,0.62
924,0.284
925,0.278
926,0.405
927,0.573
928,0.388
929,0.422
930,1.024
931,1.989
932,1.654
933,1.078
934,1.084
935,1.306
936,0.81
937,0.316
938,0.34
939,0.626
940,0.732
941,0.735
942,0.736
943,1.006
944,1.61
945,0.636
946,0.912
947,1.066
948,0.917
949,0.719
950,0.688
951,0.764
952,0.799
953,0.63
954,2.144
955,1.788
956,1.708
957,1.0153861095107455
958,1.0153861095107455
959,1.0153861095107455
960,1.0153861095107455
961,0.787
962,0.771
963,0.931
964,0.799
965,0.807
966,0.752
967,1.081
968,1.912
969,1.744
970,5.039
971,4.367
972,0.445
973,0.3974
974,0.4352
975,0.4352
976,0.4352
977,0.784
978,3.157
979,4.078
980,1.695
981,1.592
982,1.08
983,0.905
984,0.46
985,0.451
986,0.584
987,0.651
988,0.64
989,0.621
990,0.741
991,0.785
992,1.107
993,0.935
994,1.149
995,2.791
996,2.135
997,1.323
998,0.493
999,0.49
1000,0.334
1001,0.404
1002,0.317
1003,0.488
1004,0.626
1005,0.909
1006,0.845
1007,0.645
1008,0.298
1009,0.292
1010,0.343
1011,0.55
1012,0.406
1013,0.299
1014,0.34
1015,0.756
1016,1.166
1017,0.938
1018,1.142
1019,2.8
1020,2.008
1021,0.916
1022,0.592
1023,0.6
1024,1.087
1025,2.227
1026,1.782
1027,1.97
1028,1.581
1029,1.344
1030,1.315
1031,0.523
1032,0.33
1033,0.325
1034,0.499
1035,0.67
1036,0.76
1037,0.631
1038,0.652
1039,0.965
1040,1.71
1041,0.865
1042,0.829
1043,0.867
1044,0.93
1045,0.752
1046,0.36
1047,0.338
1048,0.493
1049,0.865
1050,1.581
1051,1.777
1052,1.314
1053,0.551
1054,0.539
1055,0.527
1056,0.349
1057,0.532
1058,0.591
1059,0.626
1060,0.572
1061,0.596
1062,0.595
1063,0.743
1064,1.788
1065,1.286
1066,1.106
1067,1.011
1068,0.822
1069,0.476
1070,0.626
1071,0.658
1072,0.605
1073,0.703
1074,2.538
1075,2.007
1076,1.446
1077,1.03
1078,1.11
1079,1.007
1080,0.314
1081,0.429
1082,0.689
1083,0.75
1084,0.768
1085,0.73
1086,0.763
1087,1.013
1088,1.492
1089,1.127
1090,1.008
1091,0.984
1092,0.685
1093,0.674
1094,0.739
1095,0.8
1096,0.879
1097,0.98
1098,1.795
1099,1.941
1100,1.99
1101,1.589
1102,1.162
1103,0.597
1104,0.725
1105,0.789
1106,0.825
1107,0.797
1108,0.81
1109,0.813
1110,0.809
1111,0.949
1112,1.912
1113,1.52
1114,1.121
1115,0.626
1116,0.552
1117,0.495
1118,0.575
1119,0.673
1120,0.698
1121,0.951
1122,1.638
1123,1.737
1124,1.651
1125,1.997
1126,1.713
1127,1.222
1128,0.673
1129,0.666
1130,0.689
1131,0.699
1132,0.692
1133,0.651
1134,0.641
1135,1.073
1136,1.931
1137,0.815
1138,0.992
1139,1.077
1140,0.693
1141,0.566
1142,0.393
1143,0.642
1144,0.354
1145,0.303
1146,1.873
1147,1.741
1148,1.557
1149,1.17
1150,1.037
1151,0.903
1152,0.81
1153,0.325
1154,0.3
1155,0.532
1156,0.605
1157,0.716
1158,0.66
1159,0.848
1160,2.392
1161,1.83
1162,4.813
1163,3.095
1164,6.415
1165,1.36
1166,0.852
1167,0.825
1168,0.427
1169,0.499
1170,1.166
1171,1.597
1172,1.466
1173,1.642
1174,1.122
1175,1.068
1176,0.599
1177,0.437
1178,0.469
1179,0.71
1180,0.758
1181,0.752
1182,0.631
1183,0.774
1184,0.831
1185,1.293
1186,2.204
1187,1.648
1188,4.353
1189,0.851
1190,4.357
1191,1.392
1192,2.127
1193,2.029
1194,1.638
1195,1.341
1196,0.839
1197,0.833
1198,0.817
1199,0.951
1200,0.452
1201,0.315
1202,0.504
1203,0.606
1204,0.623
1205,0.561
1206,0.594
1207,0.697
1208,0.796
1209,1.33
1210,1.021
1211,0.663
1212,0.435
1213,0.45
1214,0.464
1215,0.501
1216,0.458
1217,1.053
1218,1.863
1219,2.149
1220,1.203
1221,0.825
1222,0.763
1223,0.723
1224,0.323
1225,0.29
1226,0.338
1227,0.535
1228,0.593
1229,0.579
1230,0.559
1231,0.774
1232,1.584
1233,0.802
1234,0.644
1235,0.462
1236,0.352
1237,0.393
1238,0.292
1239,0.341
1240,0.382
1241,0.616
1242,1.034
1243,1.294
1244,1.288
1245,1.343
1246,0.92
1247,0.763
1248,0.31
1249,0.288
1250,0.352
1251,0.57
1252,0.727
1253,0.671
1254,0.667
1255,0.987
1256,1.875
1257,1.488
1258,0.781
1259,0.731
1260,0.719
1261,0.759
1262,0.741
1263,0.782
1264,0.826
1265,0.904
1266,1.575
1267,2.615
1268,1.53
1269,1.163
1270,1.352
1271,0.542
1272,0.656
1273,0.865
1274,0.874
1275,0.913
1276,0.918
1277,0.908
1278,0.873
1279,1.116
1280,1.948
1281,1.892
1282,1.901
1283,1.476
1284,4.894
1285,0.66
1286,0.687
1287,0.77
1288,0.861
1289,1.162
1290,1.82
1291,1.888
1292,1.664
1293,0.857
1294,0.764
1295,1.149
1296,1.174
1297,1.057
1298,0.926
1299,0.914
1300,0.871
1301,0.893
1302,0.904
1303,0.905
1304,1.407
1305,1.757
1306,1.678
1307,1.171
1308,0.974
1309,1.281
1310,0.823
1311,0.867
1312,0.871
1313,0.792
1314,1.639
1315,2.468
1316,1.797
1317,0.926
1318,0.832
1319,0.866
1320,0.93
1321,0.761
1322,0.836
1323,0.707
1324,0.736
1325,0.765
1326,0.767
1327,0.924
1328,1.778
1329,1.925
1330,1.892
1331,1.172
1332,1.047
1333,1.026
1334,0.695
1335,0.545
1336,0.703
1337,1.397
1338,1.969
1339,1.79
1340,2.034
1341,1.267
1342,0.563
1343,0.376
1344,0.391
1345,0.611
1346,0.601
1347,0.634
1348,0.591
1349,0.576
1350,0.566
1351,0.823
1352,0.953
1353,1.725
1354,1.77
1355,1.402
1356,2.826
1357,2.893
1358,0.474
1359,0.393
1360,1.155
1361,0.684
1362,3.157999
1363,1.533
1364,1.055
1365,1.077
1366,1.088
1367,0.96
1368,0.304
1369,0.288
1370,0.46
1371,0.615
1372,0.629
1373,0.765
1374,0.631
1375,0.791
1376,1.2
1377,0.737
1378,0.552
1379,0.44
1380,0.346
1381,0.341
1382,0.481
1383,0.665
1384,0.858
1385,0.786
1386,1.307
1387,1.639
1388,1.067
1389,0.974
1390,0.863
1391,0.64
1392,0.366
1393,0.605
1394,0.672
1395,0.66
1396,0.674
1397,0.755
1398,0.675
1399,0.938
1400,1.413
1401,0.837
1402,0.694
1403,0.649
1404,0.5
1405,0.379
1406,0.544
1407,0.691
1408,0.668
1409,0.653
1410,0.951
1411,1.277
1412,1.378
1413,1.156
1414,1.096
1415,0.673
1416,0.387
1417,0.562
1418,0.808
1419,0.808
1420,0.8
1421,0.882
1422,0.828
1423,0.963
1424,1.372
1425,1.104
1426,1.117
1427,1.178
1428,0.988
1429,0.987
1430,0.778
1431,0.707
1432,0.648
1433,0.901
1434,2.038
1435,1.56
1436,0.949
1437,0.951
1438,1.029
1439,0.96
1440,0.437
1441,0.636
1442,0.719
1443,0.761
1444,0.731
1445,0.758
1446,0.767
1447,1.344
1448,1.798
1449,0.999
1450,0.923
1451,0.548
1452,0.445
1453,0.546
1454,0.623
1455,0.622
1456,0.468
1457,0.508
1458,0.791
1459,1.477
1460,1.269
1461,1.054
1462,1.117
1463,1.326
1464,0.468
1465,0.29
1466,0.474
1467,0.626
1468,0.582
1469,0.631
1470,0.601
1471,0.857
1472,1.964
1473,1.625
1474,1.422
1475,1.328
1476,0.564
1477,0.566
1478,0.611
1479,0.739
1480,0.738
1481,3.08
1482,2.587
1483,4.924
1484,1.26
1485,1.182
1486,1.444
1487,0.954
1488,0.344
1489,0.297
1490,0.603
1491,0.695
1492,0.822
1493,0.675
1494,0.66
1495,0.799
1496,1.202
1497,1.567
1498,1.536
1499,1.27
1500,0.436
1501,0.426
1502,0.416
1503,0.414
1504,5.031
1505,2.352
1506,2.209
1507,4.032
1508,2.62
1509,1.042
1510,1.051
1511,0.517
1512,0.461
1513,0.652
1514,0.794
1515,0.791
1516,0.8
1517,0.748
1518,0.784
1519,0.904
1520,1.497
1521,1.703
1522,3.102
1523,3.212
1524,2.468
1525,2.59
1526,1.116
1527,0.332
1528,2.031
1529,1.824
1530,1.152
1531,1.61
1532,1.547
1533,0.828
1534,0.976
1535,0.816
1536,0.317
1537,0.346
1538,0.576
1539,0.698
1540,0.722
1541,0.742
1542,0.725
1543,1.003
1544,1.332
1545,1.012
1546,0.781
1547,0.66
1548,0.492
1549,0.399
1550,0.467
1551,0.666
1552,0.801
1553,0.837
1554,1.844
1555,1.497
1556,0.974
1557,0.861
1558,0.816
1559,0.857
1560,0.327
1561,0.289
1562,0.494
1563,0.668
1564,0.698
1565,0.723
1566,0.722
1567,1.038
1568,1.582
1569,0.959
1570,0.983
1571,0.824
1572,0.815
1573,0.837
1574,0.779
1575,0.792
1576,1.051
1577,1.165
1578,1.818
1579,1.487
1580,1.184
1581,0.813
1582,0.82
1583,0.781
1584,0.323
1585,0.518
1586,0.658
1587,0.71
1588,0.665
1589,0.676
1590,0.625
1591,0.882
1592,1.559
1593,1.147
1594,1.169
1595,1.098
1596,1.045
1597,1.412
1598,0.662
1599,1.113
1600,0.681
1601,0.55
1602,1.018
1603,1.773
1604,1.118
1605,1.107
1606,0.982
1607,0.524
1608,0.31
1609,0.474
1610,0.608
1611,0.649
1612,0.602
1613,0.618
1614,0.634
1615,1.102
1616,1.272
1617,0.678
1618,0.703
1619,0.588
1620,0.606
1621,0.511
1622,0.414
1623,0.476
1624,0.525
1625,0.44
1626,1.488
1627,1.558
1628,1.334
1629,0.768
1630,0.77
1631,0.373
1632,0.376
1633,0.537
1634,0.659
1635,0.66
1636,0.652
1637,0.671
1638,0.657
1639,0.884
1640,1.394
1641,0.703
1642,0.815
1643,4.306
1644,0.493
1645,0.312
1646,0.357
1647,0.468
1648,0.505
1649,2.409
1650,2.023
1651,1.34
1652,1.562
1653,0.76
1654,0.933
1655,0.908
1656,0.492
1657,0.569
1658,0.615
1659,0.605
1660,0.573
1661,0.555
1662,0.604
1663,0.763
1664,1.777
1665,1.23
1666,1.282
1667,0.851
1668,1.799
1669,3.752
1670,0.305
1671,1.158
1672,0.486
1673,0.991
1674,1.057
1675,1.881
1676,1.782
1677,0.751
1678,0.884
1679,0.462
1680,0.35
1681,0.453
1682,0.621
1683,0.677
1684,0.786
1685,0.855
1686,0.725
1687,0.835
1688,1.065
1689,2.419
1690,1.817
1691,2.079
1692,0.946
1693,0.415
1694,0.384
1695,1.275
1696,2.441
1697,1.58
1698,2.819
1699,1.473
1700,0.849
1701,0.966
1702,0.992
1703,0.576
1704,0.514
1705,0.694
1706,0.83
1707,0.972
1708,0.8
1709,0.747
1710,0.929
1711,1.803
1712,1.209
1713,0.915
1714,0.858
1715,0.762
1716,0.511
1717,0.429
1718,0.321
1719,0.505
1720,0.455
1721,2.083
1722,1.107
1723,1.045
1724,0.81
1725,1.052
1726,0.884
1727,0.44
1728,0.353
1729,0.546
1730,0.661
1731,0.769
1732,0.708
1733,0.637
1734,0.802
1735,1.383
1736,0.371
1737,0.458
1738,0.492
1739,0.692
1740,0.618
1741,0.462
1742,0.389
1743,0.392
1744,0.35
1745,0.495
1746,2.117
1747,1.418
1748,0.95
1749,1.326
1750,0.705
1751,0.454
1752,0.345
1753,0.318
1754,0.427
1755,0.523
1756,0.573
1757,0.589
1758,0.96
1759,1.997
1760,1.129
1761,0.644
1762,0.497
1763,0.49
1764,0.46
1765,0.43
1766,0.35
1767,0.338
1768,0.33
1769,1.277
1770,1.231
1771,2.262
1772,0.539
1773,0.521
1774,0.453
1775,0.347
1776,0.345
1777,0.33
1778,0.327
1779,0.529
1780,0.583
1781,0.622
1782,1.283
1783,1.426
1784,1.111
1785,1.159
1786,1.182
1787,1.115
1788,0.902
1789,0.535
1790,0.563
1791,0.588
1792,0.578
1793,2.104
1794,1.681
1795,1.559
1796,1.123
1797,1.015
1798,0.885
1799,0.442
1800,0.35
1801,0.567
1802,0.701
1803,0.728
1804,0.677
1805,0.705
1806,0.683
1807,1.701
1808,1.388
1809,1.194
1810,3.189
1811,1.767999
1812,3.369
1813,1.856
1814,1.145
1815,0.618
1816,0.667
1817,0.696
1818,1.494
1819,2.87
1820,0.581
1821,0.679
1822,0.818
1823,0.598
1824,0.288
1825,0.55
1826,0.702
1827,0.706
1828,0.709
1829,0.698
1830,0.712
1831,0.828
1832,1.02
1833,1.203
1834,0.903
1835,0.711
1836,0.517
1837,0.967
1838,1.231
1839,0.784
1840,0.284
1841,0.281
1842,0.714
1843,1.847
1844,1.115
1845,1.061
1846,1.043
1847,0.674
1848,0.292
1849,0.286
1850,0.404
1851,0.621
1852,0.701
1853,0.695
1854,0.704
1855,0.796
1856,1.252
1857,1.676
1858,4.831
1859,3.559
1860,1.741
1861,0.779
1862,0.761
1863,0.541
1864,0.759
1865,1.940999
1866,1.2
1867,0.947
1868,0.63
1869,0.704
1870,0.654
1871,0.366
1872,0.619
1873,0.673
1874,0.671
1875,0.667
1876,0.644
1877,0.606
1878,1.008
1879,1.811
1880,1.01
1881,0.682
1882,0.632
1883,0.631
1884,0.444
1885,0.456
1886,0.571
1887,0.579
1888,0.456
1889,1.397
1890,1.608
1891,1.259
1892,0.715
1893,0.873
1894,0.581
1895,0.299
1896,0.291
1897,0.462
1898,0.555
1899,0.634
1900,0.602
1901,0.61
1902,1.091
1903,1.522
1904,1.498
1905,0.555
1906,0.843
1907,0.766
1908,0.436
1909,0.445
1910,0.49
1911,0.613
1912,0.39
1913,0.92
1914,2.531
1915,1.882
1916,1.198
1917,0.646
1918,0.761
1919,0.479
1920,0.312
1921,0.364
1922,0.531
1923,0.652
1924,0.711
1925,0.676
1926,0.869
1927,1.724
1928,1.604
1929,0.425
1930,0.511
1931,0.473
1932,0.491
1933,0.638
1934,0.754
1935,0.554
1936,0.566
1937,1.289
1938,1.464
1939,1.396
1940,1.019
1941,0.921
1942,0.844
1943,0.431
1944,0.375
1945,0.384
1946,0.638
1947,0.701
1948,0.738
1949,0.745
1950,0.977
1951,2.145
1952,1.936
1953,1.427
1954,1.038
1955,0.927
1956,0.984
1957,0.453
1958,0.442
1959,0.498
1960,0.606
1961,0.576
1962,1.314
1963,1.504
1964,0.777
1965,0.658
1966,0.546
1967,0.378
1968,0.352
1969,0.568
1970,0.619
1971,0.663
1972,0.636
1973,0.614
1974,0.773
1975,0.784
1976,1.421
1977,1.136
1978,3.944
1979,1.613
1980,0.479
1981,0.583
1982,0.635
1983,0.633
1984,0.823
1985,1.218
1986,1.83
1987,1.484
1988,0.727
1989,0.728
1990,0.65
1991,0.338
1992,0.336
1993,0.562
1994,0.633
1995,0.718
1996,0.813
1997,0.701
1998,0.835
1999,0.883
2000,1.825
2001,1.848
2002,3.62
2003,3.534
2004,3.178
2005,0.753
2006,0.284
2007,0.678
2008,1.756
2009,1.695
2010,2.338
2011,1.435
2012,0.874
2013,0.91
2014,0.828
2015,0.446
2016,0.368
2017,0.639
2018,0.716
2019,0.739
2020,0.694
2021,0.73
2022,0.699
2023,0.689
2024,0.963
2025,2.138
2026,1.774
2027,2.5
2028,1.759
2029,0.933
2030,0.938
2031,1.06
2032,0.817
2033,0.717
2034,0.734
2035,0.993
2036,0.91
2037,0.93
2038,0.936
2039,0.476
2040,0.337
2041,0.517
2042,0.661
2043,0.71
2044,0.734
2045,0.699
2046,1.076
2047,1.744
2048,1.202
2049,1.108
2050,0.893
2051,0.282
2052,0.272
2053,0.27
2054,0.652
2055,0.641
2056,0.593
2057,1.725
2058,1.671
2059,2.198
2060,1.106
2061,1.037
2062,0.814
2063,0.614
2064,0.822
2065,0.885
2066,0.887
2067,0.897
2068,0.849
2069,0.919
2070,1.219
2071,1.687
2072,1.418
2073,1.367
2074,1.27
2075,1.241
2076,0.68
2077,0.476
2078,0.443
2079,0.514
2080,0.558
2081,0.948
2082,2.529
2083,1.903
2084,2.511
2085,1.232
2086,1.154
2087,0.586
2088,0.417
2089,0.628
2090,0.678
2091,0.706
2092,0.719
2093,0.716
2094,0.859
2095,1.733
2096,0.829
2097,0.905
2098,1.32
2099,1.072
2100,1.114
2101,0.645
2102,0.553
2103,0.497
2104,0.538
2105,0.517
2106,1.027
2107,1.197
2108,0.918
2109,0.864
2110,1.059
2111,0.422
2112,0.31
2113,0.324
2114,0.536
2115,0.621
2116,0.661
2117,0.679
2118,0.825
2119,1.591
2120,0.873
2121,0.864
2122,0.918
2123,0.829
2124,0.609
2125,0.449
2126,0.368
2127,0.362
2128,0.326
2129,0.507
2130,1.982
2131,1.177
2132,0.85
2133,0.998
2134,0.482
2135,0.363
2136,0.416
2137,0.579
2138,0.566
2139,0.576
2140,0.569
2141,0.579
2142,0.704
2143,1.785
2144,1.021
2145,0.958
2146,0.901
2147,0.314
2148,0.41
2149,0.411
2150,2.096
2151,2.18
2152,0.79
2153,0.964
2154,3.587
2155,1.458
2156,1.837
2157,1.161
2158,0.715
2159,0.417
2160,0.383
2161,0.672
2162,0.636
2163,0.733
2164,0.684
2165,0.622
2166,0.75
2167,0.578
2168,1.336
2169,1.038
2170,1.014
2171,0.38
2172,0.352
2173,0.369
2174,0.824
2175,4.123
2176,0.511
2177,0.415
2178,0.313
2179,0.347
2180,0.64
2181,0.568
2182,0.479
2183,0.406
2184,0.507
2185,0.608
2186,0.603
2187,0.406
2188,0.544
2189,0.637
2190,0.635
2191,0.777
2192,0.714
2193,1.841
2194,0.607
2195,2.118
2196,2.312
2197,1.013
2198,0.815
2199,0.971
2200,0.453
2201,1.65
2202,1.643
2203,1.264
2204,0.842
2205,0.582
2206,0.484
2207,0.413
2208,0.392
2209,0.401
2210,0.388
2211,0.389
2212,0.66
2213,0.853
2214,1.036
2215,1.163
2216,1.305
2217,1.682
2218,0.921
2219,0.738
2220,0.515
2221,0.479
2222,0.451
2223,0.407
2224,0.445
2225,0.763
2226,1.121
2227,0.956
2228,0.86
2229,0.528
2230,0.53
2231,0.471
2232,0.582
2233,0.858
2234,0.815
2235,0.843
2236,0.871
2237,0.84
2238,1.043
2239,1.774
2240,1.696
2241,1.186
2242,0.645
2243,0.593
2244,0.609
2245,0.63
2246,0.674
2247,0.673
2248,0.749
2249,1.428
2250,1.818
2251,1.089
2252,1.044
2253,0.666
2254,0.793
2255,0.821
2256,0.829
2257,0.855
2258,0.848
2259,0.858
2260,0.867
2261,0.855
2262,1.279
2263,1.074
2264,0.528
2265,0.593
2266,0.618
2267,0.597
2268,0.542
2269,0.485
2270,0.487
2271,0.527
2272,0.589
2273,0.571
2274,1.578
2275,1.234
2276,0.988
2277,0.872
2278,1.105
2279,0.849
2280,0.331
2281,0.501
2282,0.683
2283,0.746
2284,0.718
2285,0.706
2286,1.012
2287,1.792
2288,0.398
2289,0.949
2290,0.748
2291,0.594
2292,0.59
2293,0.484
2294,0.471
2295,0.453
2296,0.488
2297,0.454
2298,1.702
2299,1.528
2300,1.526
2301,1.949
2302,1.249
2303,0.348
2304,0.389
2305,0.535
2306,0.591
2307,0.631
2308,0.613
2309,0.624
2310,0.769
2311,1.357
2312,0.543
2313,0.672
2314,0.688
2315,0.497
2316,0.289
2317,0.277
2318,3.778
2319,1.745
2320,1.885
2321,0.512
2322,2.207
2323,2.64
2324,2.62
2325,2.045
2326,1.77
2327,1.684
2328,1.677
2329,1.661
2330,1.606
2331,0.484
2332,1.162
2333,1.655
2334,2.207
2335,1.095
2336,0.737
2337,0.461
2338,0.496
2339,1.134
2340,2.872
2341,1.696
2342,2.359
2343,2.849999
2344,5.508
2345,2.058
2346,2.027
2347,2.489
2348,2.419
2349,2.431
2350,2.596
2351,1.173
2352,0.595
2353,0.56
2354,0.72
2355,0.784
2356,0.794
2357,0.871
2358,0.8
2359,0.728
2360,1.304
2361,0.511
2362,1.041
2363,1.488
2364,0.567
2365,2.533
2366,1.264
2367,0.313
2368,0.755
2369,0.716
2370,2.015
2371,2.238
2372,1.734
2373,0.703
2374,0.692
2375,0.596
2376,0.425
2377,0.38
2378,0.366
2379,0.377
2380,0.361
2381,0.356
2382,0.725
2383,0.655
2384,1.282
2385,1.132
2386,0.771
2387,0.388
2388,0.371
2389,0.368
2390,0.36
2391,0.556
2392,0.771
2393,0.656
2394,1.595
2395,1.524
2396,0.612
2397,0.677
2398,0.67
2399,0.486
2400,0.361
2401,0.36
2402,0.358
2403,0.358
2404,0.353
2405,0.352
2406,0.487
2407,1.004
2408,0.587
2409,0.566
2410,0.613
2411,0.46
2412,0.407
2413,0.461
2414,0.364
2415,0.339
2416,0.459
2417,0.5
2418,1.527
2419,3.079
2420,2.26
2421,0.848
2422,0.728
2423,0.533
2424,0.413
2425,0.413
2426,0.415
2427,0.412
2428,0.408
2429,0.401
2430,0.623
2431,3.173
2432,2.161
2433,0.539
2434,0.63
2435,0.576
2436,0.456
2437,0.44
2438,0.346
2439,0.343
2440,0.382
2441,0.642
2442,0.948
2443,2.285
2444,2.278
2445,3.466
2446,0.797
2447,0.629
2448,0.429
2449,0.409
2450,0.402
2451,0.403
2452,0.395
2453,0.39
2454,0.523
2455,1.739
2456,0.597
2457,0.677
2458,0.539
2459,0.416
2460,0.45
2461,0.276
2462,0.279
2463,0.363
2464,0.358
2465,0.83
2466,1.651
2467,1.118
2468,1.263
2469,2.029
2470,2.224
2471,1.878
2472,1.804
2473,1.804
2474,1.808
2475,1.814
2476,1.811
2477,1.795
2478,1.992
2479,1.776
2480,1.14
2481,1.513
2482,1.425
2483,0.363
2484,0.412
2485,0.72
2486,1.047
2487,1.174
2488,1.069
2489,1.743
2490,1.72
2491,1.737
2492,1.288
2493,1.122
2494,1.04
2495,0.674
2496,0.458
2497,0.446
2498,0.437
2499,0.643
2500,0.772
2501,0.82
2502,0.946
2503,0.899
2504,1.582
2505,1.317
2506,1.157
2507,1.269
2508,0.561
2509,3.676999
2510,0.831
2511,0.653
2512,0.965
2513,1.625
2514,1.192
2515,1.057
2516,0.937
2517,1.003
2518,0.961
2519,0.821
2520,0.44
2521,0.424
2522,0.534
2523,0.742
2524,0.792
2525,0.878
2526,0.873
2527,0.909
2528,1.344
2529,1.404
2530,0.691
2531,0.488
2532,1.143
2533,5.189
2534,1.06
2535,2.842
2536,1.245
2537,1.094
2538,2.039
2539,1.646
2540,1.162
2541,1.044
2542,0.746
2543,0.625
2544,0.541
2545,0.532
2546,0.587
2547,0.531
2548,0.594
2549,0.789
2550,1.14
2551,1.157
2552,3.425
2553,0.878
2554,0.55
2555,0.306
2556,0.39
2557,0.725
2558,0.635
2559,0.53
2560,0.526
2561,0.569
2562,0.888
2563,1.161
2564,0.989
2565,1.008
2566,0.966
2567,0.754
2568,0.492
2569,0.486
2570,0.485
2571,0.482
2572,0.47
2573,0.457
2574,0.853
2575,1.202
2576,0.837
2577,1.022
2578,0.692
2579,0.801
2580,0.754
2581,0.542
2582,0.543
2583,0.507
2584,0.6
2585,1.363
2586,1.309
2587,0.908
2588,0.736
2589,0.794
2590,0.53
2591,0.393
2592,0.374
2593,0.379
2594,0.384
2595,0.375
2596,0.368
2597,0.363
2598,0.809
2599,1.444
2600,0.871
2601,0.917
2602,1.237
2603,0.965
2604,1.103
2605,0.834
2606,0.879
2607,0.4
2608,0.375
2609,0.749
2610,0.958
2611,1.178
2612,0.844
2613,0.823
2614,0.462
2615,0.425
2616,0.653
2617,0.776
2618,0.841
2619,0.87
2620,0.815
2621,0.86
2622,0.962
2623,1.345
2624,1.01
2625,0.746
2626,0.682
2627,0.675
2628,0.472
2629,0.419
2630,0.45
2631,0.543
2632,0.551
2633,1.188
2634,1.761
2635,0.682
2636,1.12
2637,1.003
2638,0.523
2639,0.492
2640,0.664
2641,1.012
2642,0.887
2643,0.909
2644,0.86
2645,0.835
2646,1.218
2647,1.165
2648,1.121
2649,0.705
2650,0.638
2651,0.609
2652,0.513
2653,0.555
2654,1.951
2655,2.627
2656,0.447
2657,0.502
2658,0.838
2659,0.697
2660,0.933
2661,0.688
2662,0.402
2663,0.367
2664,0.366
2665,0.611
2666,0.695
2667,0.73
2668,0.871
2669,0.756
2670,0.712
2671,2.04
2672,1.342
2673,1.51
2674,1.206
2675,0.867
2676,1.022
2677,0.974
2678,0.936
2679,0.96
2680,0.968
2681,0.934
2682,3.067
2683,3.648
2684,3.131
2685,1.117
2686,0.766
2687,0.453
2688,0.355
2689,0.538
2690,0.732
2691,0.757
2692,0.765
2693,0.889
2694,0.736
2695,1.035
2696,2.1999989999999996
2697,1.278
2698,0.935
2699,2.179
2700,3.976
2701,2.5659989999999997
2702,2.433
2703,0.84
2704,0.472
2705,3.419
2706,2.194
2707,1.023
2708,0.867
2709,0.806
2710,0.578
2711,0.338
2712,0.333
2713,0.371
2714,0.507
2715,0.598
2716,0.656
2717,0.584
2718,0.872
2719,1.816
2720,1.503
2721,0.926
2722,0.608
2723,0.384
2724,0.306
2725,0.401
2726,0.374
2727,0.425
2728,0.339
2729,1.367
2730,0.742
2731,0.484
2732,0.579
2733,0.594
2734,0.589
2735,0.358
2736,0.377
2737,0.375
2738,0.376
2739,0.467
2740,0.566
2741,0.579
2742,0.734
2743,0.953
2744,0.629
2745,0.546
2746,0.591
2747,0.41
2748,0.408
2749,0.4
2750,0.851
2751,1.11
2752,1.188
2753,2.544
2754,1.263
2755,1.291
2756,0.91
2757,0.941
2758,0.801
2759,0.352
2760,0.503
2761,0.598
2762,0.663
2763,0.596
2764,0.621
2765,0.574
2766,0.805
2767,1.561
2768,0.875
2769,0.916
2770,0.712
2771,0.543
2772,1.189
2773,2.259
2774,0.431
2775,0.398
2776,0.488
2777,0.425
2778,1.529
2779,0.948
2780,0.58
2781,0.778
2782,0.625
2783,0.347
2784,0.331
2785,0.32
2786,0.432
2787,0.518
2788,0.6
2789,0.515
2790,0.709
2791,0.987
2792,1.106
2793,0.727
2794,0.628
2795,1.35
2796,0.386
2797,0.443
2798,0.432
2799,2.812
2800,1.408
2801,0.359
2802,1.477
2803,1.122
2804,0.809
2805,0.61
2806,0.789
2807,0.603
2808,0.348
2809,0.339
2810,0.446
2811,0.63
2812,0.614
2813,0.643
2814,0.736
2815,1.037
2816,1.082
2817,0.75
2818,1.955
2819,0.738
2820,0.358
2821,0.372
2822,0.497
2823,0.438
2824,0.71
2825,0.76
2826,0.941
2827,2.345
2828,1.383
2829,0.737
2830,0.783
2831,0.365
2832,0.453
2833,0.318
2834,0.464
2835,0.543
2836,0.58
2837,0.577
2838,0.585
2839,0.51
2840,1.038
2841,0.77
2842,0.493
2843,0.404
2844,1.316
2845,3.909
2846,0.481
2847,0.491
2848,0.667
2849,1.117
2850,0.63
2851,0.634
2852,0.887
2853,0.614
2854,0.464
2855,0.404
2856,0.384
2857,0.399
2858,0.356
2859,0.359
2860,0.353
2861,0.351
2862,0.445
2863,0.504
2864,0.873
2865,1.144
2866,0.77
2867,0.46
2868,1.091
2869,0.407
2870,0.394
2871,0.867
2872,1.633
2873,1.525
2874,1.148
2875,0.822
2876,0.525
2877,0.611
2878,0.63
2879,0.409
2880,0.34
2881,0.336
2882,0.332
2883,0.342
2884,0.333
2885,0.479
2886,0.679
2887,0.993
2888,0.769
2889,0.629
2890,0.438
2891,0.33
2892,0.325
2893,0.362
2894,0.386
2895,0.336
2896,0.386
2897,1.101
2898,0.758
2899,0.854
2900,0.736
2901,0.511
2902,0.499
2903,0.38
2904,0.493
2905,0.397
2906,0.359
2907,0.369
2908,0.364
2909,0.349
2910,0.35
2911,1.279
2912,0.673
2913,0.404
2914,0.35
2915,0.391
2916,0.505
2917,0.474
2918,0.38
2919,0.375
2920,0.437
2921,0.599
2922,1.31
2923,0.975
2924,0.583
2925,0.638
2926,0.649
2927,0.493
2928,0.401
2929,0.399
2930,0.52
2931,0.44
2932,0.513
2933,0.562
2934,0.678
2935,0.905
2936,0.404
2937,0.321
2938,0.343
2939,0.333
2940,0.488
2941,0.29
2942,0.323
2943,0.324
2944,0.343
2945,0.322
2946,0.951
2947,0.764
2948,0.522
2949,0.612
2950,0.599
2951,0.458
2952,0.432
2953,0.414
2954,0.52
2955,0.486
2956,0.49
2957,0.416
2958,0.547
2959,1.045
2960,0.983
2961,0.581
2962,0.557
2963,0.513
2964,2.332
2965,2.051
2966,0.337
2967,0.342
2968,0.869
2969,0.92
2970,1.303
2971,0.99
2972,0.559
2973,0.611
2974,0.453
2975,0.383
2976,0.376
2977,0.378
2978,0.376
2979,0.375
2980,0.378
2981,0.739
2982,1.304
2983,0.448
2984,0.397
2985,0.354
2986,0.352
2987,0.353
2988,0.349
2989,0.346
2990,0.348
2991,0.349
2992,0.351
2993,0.765
2994,0.835
2995,0.844
2996,0.674
2997,0.479
2998,0.407
2999,0.392
3000,0.396
3001,0.394
3002,0.391
3003,0.534
3004,0.577
3005,0.585
3006,0.627
3007,0.602
3008,0.618
3009,0.543
3010,4.483
3011,0.682
3012,1.359
3013,0.702
3014,0.442
3015,0.871
3016,0.789
3017,0.844
3018,1.041
3019,1.112
3020,1.107
3021,0.531
3022,0.561
3023,0.539
3024,0.446
3025,0.448
3026,0.468
3027,0.47
3028,0.459
3029,0.439
3030,0.584
3031,0.581
3032,1.05
3033,0.91
3034,0.465
3035,0.611
3036,0.96
3037,3.871
3038,1.953
3039,0.995
3040,2.51
3041,3.072
3042,1.223
3043,0.903
3044,0.471
3045,0.548
3046,0.481
3047,0.44
3048,0.41
3049,0.408
3050,0.408
3051,0.411
3052,0.403
3053,0.397
3054,0.933
3055,0.995
3056,0.643
3057,0.515
3058,0.437
3059,0.368
3060,0.361
3061,0.525
3062,0.459
3063,0.455
3064,0.866
3065,1.329
3066,0.977
3067,1.443
3068,1.203
3069,0.555
3070,0.609
3071,0.428
3072,0.398
3073,0.393
3074,0.391
3075,0.386
3076,0.387
3077,0.384
3078,0.608
3079,0.988
3080,0.631
3081,0.587
3082,0.615
3083,0.6
3084,0.502
3085,0.354
3086,0.467
3087,0.574
3088,0.749
3089,0.388
3090,0.685
3091,0.847
3092,0.652
3093,0.717
3094,0.603
3095,0.497
3096,0.496
3097,0.489
3098,0.5
3099,0.504
3100,0.51
3101,0.48
3102,0.716
3103,0.888
3104,0.461
3105,0.702
3106,0.692
3107,0.606
3108,0.41
3109,0.526
3110,0.437
3111,0.478
3112,1.142
3113,1.272
3114,1.263
3115,0.803
3116,0.734
3117,0.791
3118,0.778
3119,0.366
3120,0.339
3121,0.343
3122,0.338
3123,0.392
3124,0.475
3125,0.541
3126,1.158
3127,1.181
3128,1.059
3129,1.171
3130,1.106
3131,1.266
3132,0.769
3133,0.778
3134,0.768
3135,0.595
3136,1.205
3137,1.815
3138,1.487
3139,0.99
3140,0.99
3141,0.772
3142,0.626
3143,0.343
3144,0.334
3145,0.332
3146,0.39
3147,0.479
3148,0.507
3149,0.488
3150,0.678
3151,0.905
3152,0.608
3153,0.568
3154,0.492
3155,0.399
3156,0.316
3157,0.419
3158,0.389
3159,0.427
3160,0.358
3161,0.353
3162,0.362
3163,0.354
3164,1.043
3165,1.511
3166,0.771
3167,0.398
3168,0.473
3169,0.354
3170,0.376
3171,0.522
3172,0.527
3173,0.54
3174,0.663
3175,0.603
3176,0.719
3177,1.439
3178,4.252
3179,0.946
3180,1.248
3181,0.49
3182,0.466
3183,0.501
3184,0.707
3185,0.756
3186,0.97
3187,0.775
3188,0.817
3189,0.809
3190,0.814
3191,0.696
3192,0.299
3193,0.464
3194,0.383
3195,0.447
3196,0.43
3197,0.502
3198,0.423
3199,0.699
3200,2.11
3201,4.703
3202,1.667
3203,4.15
3204,2.248
3205,0.805
3206,0.871
3207,0.847
3208,1.159
3209,1.432
3210,1.27
3211,1.042
3212,2.53
3213,0.824
3214,0.482
3215,0.336
3216,0.344
3217,0.328
3218,0.336
3219,0.344
3220,0.472
3221,0.407
3222,0.477
3223,1.382
3224,0.717
3225,0.347
3226,0.292
3227,0.29
3228,0.295
3229,0.302
3230,0.303
3231,0.342
3232,0.342
3233,1.237
3234,0.923
3235,0.781
3236,0.602
3237,0.673
3238,0.551
3239,0.44
3240,0.57
3241,0.558
3242,0.578
3243,0.596
3244,0.532
3245,0.561
3246,1.006
3247,1.105
3248,0.534
3249,0.365
3250,0.303
3251,0.297
3252,0.29
3253,0.281
3254,0.281
3255,0.281
3256,0.28
3257,0.302
3258,0.666
3259,0.539
3260,0.568
3261,0.567
3262,0.516
3263,0.494
3264,0.452
3265,0.455
3266,0.456
3267,0.44
3268,0.431
3269,0.429
3270,0.441
3271,0.496
3272,0.289
3273,0.289
3274,0.293
3275,0.296
3276,0.296
3277,0.289
3278,0.282
3279,0.282
3280,0.291
3281,0.466
3282,1.101
3283,2.99
3284,0.738
3285,0.664
3286,0.453
3287,0.425
3288,0.403
3289,0.397
3290,0.392
3291,0.391
3292,0.394
3293,0.391
3294,0.978
3295,1.157
3296,0.925
3297,1.665
3298,4.298
3299,0.535
3300,1.268
3301,0.494
3302,0.442
3303,0.322
3304,0.331
3305,0.514
3306,1.692
3307,2.597
3308,1.948
3309,1.772
3310,1.748
3311,1.723
3312,1.715
3313,1.703
3314,1.745
3315,1.79
3316,0.955
3317,0.458
3318,0.601
3319,0.491
3320,0.441
3321,0.496
3322,0.428
3323,0.475
3324,0.465
3325,0.494
3326,0.428
3327,0.404
3328,0.418
3329,0.535
3330,0.927
3331,1.328
3332,1.421
3333,1.402
3334,1.388
3335,1.366
3336,1.312
3337,1.3
3338,1.317
3339,1.279
3340,1.014
3341,0.51
3342,0.479
3343,0.468
3344,0.429
3345,0.341
3346,0.342
3347,0.324
3348,0.322
3349,0.315
3350,0.316
3351,0.316
3352,0.316
3353,0.322
3354,0.469
3355,0.506
3356,0.852
3357,1.802
3358,1.783
3359,1.767
3360,0.629
3361,0.62
3362,0.529
3363,0.556
3364,0.569
3365,0.601
3366,0.475
3367,0.405
3368,0.311
3369,0.303
3370,0.293
3371,0.303
3372,1.11
3373,0.839
3374,0.693
3375,2.956
3376,1.622
3377,0.657
3378,0.54
3379,0.599
3380,0.615
3381,0.747
3382,0.48
3383,0.445
3384,0.451
3385,0.44
3386,0.45
3387,0.433
3388,0.437
3389,0.426
3390,0.612
3391,0.82
3392,0.453
3393,0.461
3394,0.443
3395,0.402
3396,0.414
3397,0.371
3398,0.397
3399,0.402
3400,0.355
3401,0.496
3402,0.817
3403,1.128
3404,0.715
3405,0.526
3406,0.501
3407,0.456
3408,0.44
3409,0.427
3410,0.406
3411,0.399
3412,0.401
3413,0.394
3414,0.549
3415,0.441
3416,0.397
3417,0.379
3418,0.464
3419,0.442
3420,0.347
3421,0.488
3422,0.42
3423,0.391
3424,0.493
3425,0.484
3426,0.638
3427,1.076
3428,0.911
3429,0.622
3430,0.619
3431,0.501
3432,0.451
3433,0.452
3434,0.449
3435,0.452
3436,0.438
3437,0.448
3438,0.659
3439,0.711
3440,0.385
3441,0.363
3442,0.339
3443,0.369
3444,0.412
3445,0.624
3446,0.411
3447,0.435
3448,0.436
3449,0.774
3450,0.52
3451,0.401
3452,0.71
3453,0.631
3454,0.591
3455,0.516
3456,0.411
3457,0.406
3458,0.405
3459,0.409
3460,0.392
3461,0.401
3462,0.516
3463,0.573
3464,0.508
3465,0.484
3466,0.38
3467,0.43
3468,0.376
3469,0.401
3470,0.549
3471,0.368
3472,0.46
3473,0.398
3474,1.414
3475,0.842
3476,0.544
3477,0.62
3478,0.429
3479,0.39
3480,0.383
3481,0.375
3482,0.39
3483,0.376
3484,0.385
3485,0.368
3486,0.398
3487,0.651
3488,0.359
3489,0.394
3490,1.37
3491,2.815
3492,0.302
3493,0.454
3494,2.338
3495,3.813
3496,0.842
3497,0.51
3498,0.338
3499,0.499
3500,0.529
3501,0.511
3502,0.456
3503,0.356
3504,0.342
3505,0.349
3506,0.345
3507,0.347
3508,0.351
3509,0.343
3510,0.528
3511,0.394
3512,0.996
3513,0.329
3514,0.317
3515,1.132
3516,1.627
3517,4.469
3518,1.424
3519,0.639
3520,0.681
3521,0.66
3522,0.566
3523,0.686
3524,0.812
3525,0.651
3526,0.704
3527,0.603
3528,0.548
3529,0.442
3530,0.452
3531,0.441
3532,0.459
3533,0.47
3534,0.57
3535,0.419
3536,0.948
3537,0.392
3538,0.351
3539,0.968
3540,0.781
3541,0.453
3542,0.702
3543,0.883
3544,1.763
3545,0.857
3546,0.699
3547,3.101
3548,2.853
3549,2.018
3550,0.851
3551,0.52
3552,0.436
3553,0.462
3554,0.444
3555,0.465
3556,0.458
3557,0.468
3558,0.449
3559,0.547
3560,0.999
3561,0.847
3562,4.407
3563,0.833
3564,1.005
3565,1.258
3566,2.15
3567,1.762
3568,1.599
3569,3.414
3570,2.326
3571,1.876
3572,1.014
3573,0.726
3574,0.525
3575,0.616
3576,0.429
3577,0.418
3578,0.408
3579,0.416
3580,0.403
3581,0.448
3582,0.53
3583,0.585
3584,0.525
3585,0.485
3586,0.458
3587,0.304
3588,0.506
3589,0.735
3590,1.264
3591,1.474
3592,1.553
3593,2.875
3594,2.121
3595,1.249
3596,1.158
3597,1.048
3598,0.773
3599,0.509
3600,0.436
3601,0.552
3602,0.421
3603,0.377
3604,0.358
3605,0.362
3606,0.514
3607,0.686
3608,0.548
3609,0.492
3610,0.435
3611,0.52
3612,0.906
3613,1.605
3614,1.376
3615,1.1
3616,1.5
3617,2.065
3618,1.313
3619,0.723
3620,1.211
3621,0.819
3622,0.924
3623,0.435
3624,0.401
3625,0.38
3626,0.519
3627,0.39
3628,0.377
3629,0.363
3630,0.548
3631,0.94
3632,0.993
3633,0.841
3634,0.609
3635,0.483
3636,0.713
3637,0.599
3638,0.497
3639,0.521
3640,0.454
3641,0.461
3642,0.623
3643,0.762
3644,0.563
3645,0.6
3646,2.306
3647,0.752
3648,0.453
3649,0.446
3650,0.458
3651,0.577
3652,0.494
3653,0.447
3654,0.571
3655,0.655
3656,0.674
3657,0.698
3658,0.548
3659,0.391
3660,0.398
3661,0.396
3662,0.404
3663,2.716
3664,2.971999
3665,2.749
3666,1.727
3667,0.707
3668,0.418
3669,0.407
3670,0.482
3671,0.442
3672,0.401
3673,0.408
3674,0.515
3675,0.42
3676,0.418
3677,0.548
3678,0.406
3679,0.385
3680,0.87
3681,1.074
3682,1.069
3683,1.213
3684,0.435
3685,0.364
3686,0.489
3687,0.573
3688,0.541
3689,0.532
3690,0.531
3691,0.676
3692,0.73
3693,0.458
3694,0.451
3695,0.419
3696,0.373
3697,0.363
3698,0.36
3699,0.365
3700,0.378
3701,0.381
3702,0.394
3703,0.715
3704,1.295
3705,1.569
3706,1.224
3707,2.671
3708,1.625
3709,1.496
3710,0.617
3711,0.299
3712,0.715
3713,5.074999
3714,1.499
3715,0.727
3716,0.534
3717,0.604
3718,0.705
3719,0.443
3720,0.386
3721,0.383
3722,0.376
3723,0.38
3724,0.367
3725,0.371
3726,0.564
3727,1.109
3728,0.53
3729,0.413
3730,0.411
3731,0.338
3732,0.322
3733,0.367
3734,0.453
3735,0.456
3736,0.846
3737,1.08
3738,0.879
3739,0.66
3740,0.586
3741,0.572
3742,0.593
3743,0.355
3744,0.345
3745,0.339
3746,0.343
3747,0.333
3748,0.331
3749,0.334
3750,0.486
3751,1.054
3752,0.636
3753,0.479
3754,0.612
3755,0.486
3756,0.454
3757,0.406
3758,0.393
3759,0.379
3760,0.318
3761,1.576
3762,0.727
3763,0.756
3764,0.406
3765,0.506
3766,0.564
3767,2.667
3768,1.311
3769,0.414
3770,0.413
3771,0.426
3772,0.407
3773,0.412
3774,0.509
3775,0.531
3776,0.353
3777,0.515
3778,1.046
3779,0.385
3780,0.385
3781,1.065
3782,1.276
3783,1.184
3784,0.622
3785,0.826
3786,1.449
3787,1.13
3788,0.635
3789,0.946
3790,1.817
3791,0.929
3792,0.448
3793,0.379
3794,0.37
3795,0.38
3796,0.374
3797,0.366
3798,0.535
3799,0.759
3800,0.356
3801,0.398
3802,0.43
3803,1.263
3804,0.698
3805,0.619
3806,0.88
3807,1.029
3808,1.215
3809,1.333
3810,1.498
3811,0.875
3812,0.908
3813,0.604
3814,1.014
3815,2.037
3816,0.881
3817,0.36
3818,0.421
3819,0.414
3820,0.401
3821,0.398
3822,0.586
3823,0.532
3824,0.411
3825,2.954
3826,1.606
3827,0.294
3828,0.611
3829,1.039
3830,1.534
3831,1.277
3832,1.778
3833,4.619
3834,2.463
3835,0.967
3836,0.481
3837,0.604
3838,0.756
3839,1.777
3840,1.475
3841,0.84
3842,0.387
3843,0.369
3844,0.359
3845,0.359
3846,0.35
3847,0.474
3848,0.789
3849,0.634
3850,0.686
3851,0.298
3852,0.42
3853,0.577
3854,0.6
3855,0.599
3856,0.687
3857,1.035
3858,1.327
3859,0.501
3860,0.464
3861,0.472
3862,2.085
3863,1.523
3864,0.624
3865,0.399
3866,0.396
3867,0.406
3868,0.39
3869,0.384
3870,0.363
3871,0.401
3872,0.0
3873,0.0
3874,0.0
3875,0.0
3876,0.0
3877,0.0
3878,0.0
3879,0.0
3880,0.0
3881,0.0
3882,0.0
3883,0.0
3884,0.0
3885,0.0
3886,0.0
3887,0.0
3888,0.478
3889,0.484
3890,0.488
3891,0.485
3892,0.459
3893,0.475
3894,0.597
3895,0.775
3896,0.481
3897,0.446
3898,0.437
3899,0.332
3900,0.428
3901,0.466
3902,0.44
3903,0.422
3904,0.323
3905,0.628
3906,1.184
3907,1.182
3908,0.954
3909,0.894
3910,0.882
3911,1.533
3912,0.534
3913,0.441
3914,0.416
3915,0.411
3916,0.405
3917,0.396
3918,0.391
3919,1.478
3920,0.797
3921,0.712
3922,0.624
3923,0.443
3924,0.363
3925,0.366
3926,0.37
3927,0.506
3928,0.529
3929,0.5
3930,1.056
3931,1.191
3932,0.531
3933,0.896
3934,0.742
3935,0.493
3936,0.438
3937,0.438
3938,0.439
3939,0.434
3940,0.433
3941,0.521
3942,0.609
3943,0.858
3944,0.762
3945,0.523
3946,0.485
3947,0.453
3948,0.409
3949,0.434
3950,0.417
3951,0.427
3952,0.479
3953,4.572
3954,1.182
3955,1.894
3956,2.026
3957,1.208
3958,0.95
3959,2.038
3960,0.977
3961,0.339
3962,0.347
3963,0.354
3964,0.358
3965,0.343
3966,0.479
3967,0.782
3968,1.065
3969,1.262
3970,1.221
3971,1.895
3972,1.863
3973,1.303
3974,1.325
3975,1.704
3976,1.268
3977,1.181
3978,1.04
3979,0.731
3980,0.532
3981,0.708
3982,0.66
3983,0.648
3984,0.681
3985,0.675
3986,0.635
3987,0.591
3988,0.587
3989,0.559
3990,0.386
3991,0.37
3992,0.371
3993,0.369
3994,0.375
3995,0.377
3996,0.376
3997,0.378
3998,0.383
3999,0.379
4000,0.381
4001,0.476
4002,0.386
4003,0.403
4004,0.675
4005,0.756
4006,0.619
4007,0.586
4008,0.56
4009,0.559
4010,0.561
4011,0.573
4012,0.579
4013,0.57
4014,0.342
4015,0.361
4016,0.352
4017,0.341
4018,0.345
4019,0.35
4020,0.362
4021,0.337
4022,0.338
4023,0.338
4024,0.332
4025,0.321
4026,0.34
4027,0.469
4028,0.728
4029,0.656
4030,0.615
4031,0.593
4032,0.602
4033,0.721
4034,0.691
4035,0.636
4036,0.631
4037,0.598
4038,0.554
4039,0.35
4040,0.362
4041,0.363
4042,0.478
4043,0.405
4044,0.39
4045,0.383
4046,0.372
4047,0.679
4048,1.079
4049,1.118
4050,1.083
4051,1.188
4052,1.216
4053,1.293
4054,0.928
4055,0.907
4056,0.895
4057,0.653
4058,0.659
4059,0.66
4060,0.651
4061,0.588
4062,0.381
4063,0.275
4064,0.28
4065,0.286
4066,0.652
4067,1.273
4068,1.257
4069,1.867
4070,2.048
4071,2.248
4072,2.293
4073,2.112
4074,1.264
4075,1.093
4076,1.214
4077,1.653
4078,0.974
4079,0.98
4080,0.353
4081,0.337
4082,0.328
4083,0.326
4084,0.328
4085,0.321
4086,0.303
4087,0.42
4088,0.518
4089,0.452
4090,0.448
4091,0.493
4092,0.753
4093,1.195
4094,1.551
4095,1.777
4096,2.172
4097,1.591
4098,1.372
4099,1.635
4100,1.883
4101,1.46
4102,1.433
4103,1.481
4104,1.167
4105,0.668
4106,0.405
4107,0.393
4108,0.402
4109,0.327
4110,0.305
4111,0.424
4112,0.396
4113,0.974
4114,1.918
4115,1.523
4116,1.911
4117,1.569
4118,1.749
4119,1.977
4120,1.845
4121,1.657
4122,1.863
4123,1.348
4124,2.223
4125,1.201
4126,1.192
4127,0.463
4128,0.433
4129,0.432
4130,0.419
4131,0.518
4132,0.433
4133,0.42
4134,0.961
4135,3.199
4136,1.576
4137,0.772
4138,0.836
4139,0.715
4140,0.821
4141,1.639
4142,1.566
4143,2.31
4144,2.235
4145,2.814
4146,2.425
4147,1.993
4148,1.906
4149,1.82
4150,1.535
4151,1.22
4152,0.368
4153,0.367
4154,0.351
4155,0.364
4156,0.351
4157,0.358
4158,0.636
4159,0.5
4160,0.448
4161,0.501
4162,3.577
4163,3.913
4164,1.148
4165,1.279
4166,1.793
4167,1.839
4168,1.975
4169,2.054
4170,2.264
4171,2.271
4172,4.052
4173,3.484
4174,1.901
4175,1.284
4176,0.666
4177,0.418
4178,0.406
4179,0.412
4180,0.402
4181,0.531
4182,0.43
4183,0.571
4184,0.538
4185,0.429
4186,0.563
4187,0.483
4188,1.05
4189,1.15
4190,1.651
4191,1.887
4192,2.041
4193,2.095
4194,2.528
4195,1.949
4196,3.593
4197,3.186
4198,1.383
4199,0.562
4200,0.437
4201,0.426
4202,0.412
4203,0.415
4204,0.406
4205,0.402
4206,0.739
4207,0.704
4208,0.783
4209,0.677
4210,0.73
4211,0.358
4212,0.396
4213,1.061
4214,1.536
4215,1.505
4216,2.135
4217,3.212
4218,2.92
4219,2.833
4220,1.875
4221,1.688
4222,1.829
4223,1.116
4224,0.898
4225,0.49
4226,0.46
4227,0.49
4228,0.453
4229,0.44
4230,0.578
4231,0.732
4232,1.132
4233,1.157
4234,1.111
4235,1.428
4236,1.37
4237,2.007
4238,2.21
4239,2.222
4240,2.7839989999999997
4241,2.297
4242,2.649
4243,2.841
4244,3.156
4245,4.079999
4246,2.221
4247,1.63
4248,1.193
4249,0.524
4250,0.699
4251,0.404
4252,0.394
4253,0.388
4254,0.535
4255,1.317
4256,0.823
4257,0.747
4258,0.468
4259,1.353
4260,2.071
4261,2.481
4262,2.532
4263,2.578
4264,1.892
4265,1.085
4266,1.819
4267,2.077
4268,3.885
4269,2.638
4270,2.409
4271,1.27
4272,0.998
4273,0.413
4274,0.402
4275,0.532
4276,0.545
4277,0.43
4278,0.497
4279,1.624
4280,3.685
4281,0.854
4282,1.587
4283,1.347
4284,2.003
4285,2.335
4286,2.393
4287,2.63
4288,3.191
4289,2.813
4290,4.644
4291,4.023
4292,2.792
4293,2.253
4294,2.507
4295,2.121
4296,1.049
4297,0.344
4298,0.354
4299,0.345
4300,0.481
4301,0.392
4302,0.5
4303,0.789
4304,1.021
4305,0.553
4306,0.524
4307,1.487
4308,1.511
4309,1.898
4310,0.575
4311,1.061
4312,2.983999
4313,2.86
4314,4.746
4315,2.425
4316,5.702
4317,3.28
4318,3.083
4319,0.372
4320,0.344
4321,0.35
4322,0.338
4323,0.345
4324,0.344
4325,0.343
4326,0.737
4327,0.886
4328,0.498
4329,0.507
4330,0.454
4331,0.464
4332,0.464
4333,0.521
4334,0.583
4335,0.613
4336,0.48
4337,0.6
4338,0.45
4339,0.461
4340,0.673
4341,1.323
4342,1.108
4343,1.905
4344,0.872
4345,0.422
4346,0.404
4347,0.395
4348,0.416
4349,0.562
4350,0.618
4351,0.56
4352,0.701
4353,0.486
4354,0.669
4355,0.747
4356,6.012
4357,3.106
4358,3.082
4359,3.478
4360,4.996
4361,1.71
4362,2.621
4363,2.27
4364,1.161
4365,0.702
4366,0.544
4367,1.605
4368,2.16
4369,1.071
4370,0.439
4371,0.432
4372,0.569
4373,0.475
4374,0.401
4375,0.676
4376,1.041
4377,0.878
4378,3.5869989999999996
4379,1.205
4380,3.62
4381,3.074
4382,2.836
4383,2.7039989999999996
4384,3.102
4385,2.742
4386,1.19
4387,1.546
4388,2.056
4389,2.098
4390,1.4
4391,2.009
4392,3.269
4393,1.326
4394,0.745
4395,0.507
4396,0.457
4397,0.446
4398,0.571
4399,0.642
4400,1.746
4401,2.174
4402,2.589
4403,1.62
4404,0.358
4405,0.379
4406,0.821
4407,1.973
4408,2.995
4409,2.714
4410,2.542
4411,2.129
4412,1.187
4413,0.804
4414,0.785
4415,2.586
4416,1.798
4417,1.196
4418,0.389
4419,0.37
4420,0.387
4421,0.394
4422,0.484
4423,0.554
4424,1.037
4425,0.877
4426,0.592
4427,0.3
4428,0.99
4429,1.649
4430,2.576
4431,2.851
4432,2.184
4433,3.1539989999999998
4434,2.347
4435,0.661
4436,0.6
4437,0.488
4438,1.381
4439,2.053
4440,0.999
4441,0.401
4442,0.393
4443,0.398
4444,0.393
4445,0.393
4446,0.495
4447,0.58
4448,0.779
4449,0.6
4450,0.497
4451,0.486
4452,0.413
4453,0.546
4454,0.56
4455,0.431
4456,0.473
4457,1.063
4458,1.311
4459,0.95
4460,0.543
4461,0.62
4462,0.538
4463,0.461
4464,0.437
4465,0.432
4466,0.431
4467,0.432
4468,0.42
4469,0.429
4470,0.403
4471,0.732
4472,0.457
4473,0.426
4474,0.589
4475,0.511
4476,0.448
4477,0.475
4478,0.435
4479,0.979
4480,1.263
4481,1.671
4482,1.226
4483,0.521
4484,0.456
4485,0.517
4486,0.616
4487,1.204
4488,1.475
4489,0.63
4490,0.403
4491,0.466
4492,0.535
4493,0.392
4494,0.55
4495,0.663
4496,0.392
4497,0.357
4498,0.311
4499,0.633
4500,0.777
4501,1.458
4502,1.198
4503,1.609
4504,1.436
4505,0.811
4506,0.546
4507,0.352
4508,0.673
4509,0.608
4510,0.657
4511,2.408
4512,0.943
4513,0.586
4514,0.368
4515,0.377
4516,0.367
4517,0.366
4518,0.366
4519,0.522
4520,0.907
4521,0.433
4522,0.834
4523,1.044
4524,1.982
4525,1.039
4526,1.321
4527,1.247
4528,1.639
4529,0.796
4530,2.751
4531,2.226
4532,1.023
4533,1.108
4534,1.199
4535,1.408
4536,0.849
4537,0.345
4538,0.36
4539,0.89
4540,0.715
4541,0.4
4542,0.423
4543,1.262
4544,1.511
4545,4.235
4546,3.019
4547,2.099
4548,3.247
4549,3.157
4550,2.27
4551,2.156
4552,2.921
4553,3.491
4554,3.898
4555,3.721
4556,2.901
4557,3.0139989999999997
4558,1.75
4559,2.319
4560,1.03
4561,0.9
4562,0.352
4563,0.366
4564,0.348
4565,0.358
4566,0.505
4567,0.646
4568,0.434
4569,0.406
4570,0.401
4571,0.291
4572,0.295
4573,0.406
4574,1.284
4575,2.223
4576,2.707
4577,3.252
4578,3.243
4579,3.197
4580,4.032999
4581,3.2639989999999997
4582,1.789
4583,1.316
4584,1.041
4585,0.344
4586,0.649
4587,0.342
4588,0.356
4589,0.472
4590,0.727
4591,0.495
4592,0.402
4593,1.098
4594,1.442
4595,1.87
4596,2.47
4597,1.214
4598,0.988
4599,1.385
4600,2.302
4601,4.153
4602,3.626
4603,3.282
4604,4.166
4605,4.317
4606,3.406999
4607,2.021
4608,1.422
4609,0.411
4610,0.425
4611,0.411
4612,0.425
4613,0.405
4614,0.595
4615,1.145
4616,0.752
4617,1.402
4618,1.705
4619,2.524
4620,3.028
4621,2.834
4622,3.218
4623,3.288
4624,3.564
4625,2.045
4626,3.08
4627,7.455
4628,4.1749979999999995
4629,2.214
4630,1.513
4631,1.216
4632,0.635
4633,0.374
4634,0.383
4635,0.371
4636,0.377
4637,0.404
4638,0.505
4639,1.201
4640,0.728
4641,0.491
4642,0.395
4643,0.792
4644,1.393
4645,2.247
4646,2.736
4647,2.879
4648,2.698
4649,3.248
4650,2.945
4651,2.114
4652,1.414
4653,2.133
4654,3.376
4655,2.098
4656,1.249
4657,1.025
4658,0.37
4659,1.147
4660,1.497
4661,1.05
4662,1.363
4663,2.192
4664,1.015
4665,2.059
4666,2.031
4667,0.615
4668,1.028
4669,1.625
4670,1.951
4671,2.148
4672,2.23
4673,2.219
4674,2.337
4675,1.876
4676,2.987
4677,1.874
4678,1.299
4679,1.253
4680,1.547
4681,1.002
4682,0.377
4683,0.373
4684,0.375
4685,0.4
4686,0.484
4687,0.966
4688,3.369
4689,0.819
4690,0.849
4691,0.33
4692,0.293
4693,1.354
4694,2.661
4695,4.376
4696,2.768
4697,3.924
4698,2.655
4699,1.671
4700,1.327
4701,2.848
4702,1.969
4703,1.614
4704,0.997
4705,0.581
4706,0.314
4707,0.299
4708,0.313
4709,0.43
4710,0.325
4711,0.799
4712,0.599
4713,1.24
4714,1.148
4715,1.529
4716,0.822
4717,1.915
4718,2.636
4719,3.5669989999999996
4720,3.041
4721,2.934
4722,3.263
4723,3.294
4724,4.606999
4725,3.054
4726,2.5
4727,1.44
4728,0.929
4729,0.683
4730,0.4
4731,0.409
4732,0.403
4733,0.531
4734,0.402
4735,0.612
4736,0.415
4737,0.445
4738,0.424
4739,0.631
4740,1.431
4741,2.715
4742,3.095
4743,3.495
4744,2.888
4745,4.351
4746,3.136
4747,2.514
4748,1.942
4749,1.728
4750,2.797
4751,3.372998
4752,2.105
4753,1.606
4754,1.009
4755,0.387
4756,0.377
4757,0.515
4758,0.681
4759,0.88
4760,0.385
4761,1.25
4762,1.968
4763,2.383
4764,1.561
4765,0.63
4766,1.676
4767,1.883
4768,0.81
4769,1.338
4770,1.531
4771,2.7229989999999997
4772,4.001999
4773,3.15
4774,2.001
4775,1.615
4776,0.682
4777,0.659
4778,0.385
4779,0.386
4780,0.392
4781,0.52
4782,0.39
4783,1.974
4784,0.878
4785,0.415
4786,0.436
4787,0.342
4788,0.406
4789,1.001
4790,1.658
4791,1.785
4792,2.841
4793,2.853
4794,2.003
4795,1.716
4796,3.383
4797,3.07
4798,1.885
4799,1.103
4800,0.7
4801,0.463
4802,0.461
4803,0.47
4804,0.456
4805,0.693
4806,0.372
4807,0.553
4808,0.464
4809,0.393
4810,1.178
4811,0.447
4812,0.365
4813,0.418
4814,0.343
4815,3.26
4816,1.826
4817,2.263
4818,2.725
4819,1.875
4820,0.803
4821,0.616
4822,0.689
4823,2.084
4824,1.573
4825,0.408
4826,0.365
4827,0.471
4828,0.373
4829,0.494
4830,0.356
4831,0.862
4832,0.44
4833,0.381
4834,0.397
4835,0.289
4836,0.293
4837,0.339
4838,0.364
4839,1.651
4840,1.513
4841,2.112
4842,3.15
4843,3.447
4844,3.242
4845,1.675
4846,0.827
4847,0.409
4848,0.398
4849,0.399
4850,0.409
4851,0.399
4852,0.395
4853,0.523
4854,0.525
4855,0.545
4856,0.311
4857,0.311
4858,0.315
4859,0.701
4860,1.36
4861,1.993
4862,2.561
4863,2.481
4864,2.622
4865,2.418
4866,1.997
4867,1.606
4868,1.808
4869,1.438
4870,2.029
4871,3.381
4872,1.677
4873,1.258
4874,0.724
4875,0.399
4876,0.397
4877,0.522
4878,0.408
4879,0.711
4880,1.707
4881,4.667
4882,1.07
4883,2.135
4884,4.93
4885,5.12
4886,4.102
4887,3.648
4888,2.821
4889,5.335
4890,3.163
4891,3.155
4892,2.539
4893,1.557
4894,3.81
4895,2.009
4896,1.313
4897,1.107
4898,0.719
4899,0.674
4900,0.37
4901,0.569
4902,1.146
4903,1.484
4904,0.424
4905,0.354
4906,0.326
4907,0.296
4908,1.197
4909,2.715
4910,1.438
4911,2.572
4912,3.247
4913,4.275
4914,7.008
4915,3.816
4916,3.82
4917,1.588
4918,2.47
4919,1.695
4920,1.076
4921,0.648
4922,0.366
4923,0.375
4924,0.375
4925,0.518
4926,0.396
4927,1.865
4928,1.33
4929,2.004
4930,1.529
4931,2.103
4932,1.72
4933,0.47
4934,1.3
4935,2.116
4936,2.336
4937,3.3559989999999997
4938,2.665
4939,3.307
4940,4.0739980000000005
4941,2.335
4942,3.076
4943,2.044
4944,1.277
4945,1.052
4946,0.478
4947,0.692
4948,0.39
4949,0.381
4950,0.9
4951,0.546
4952,0.521
4953,0.539
4954,0.404
4955,1.927
4956,3.665
4957,3.689
4958,3.832
4959,2.041
4960,1.026
4961,1.831
4962,2.441
4963,4.753
4964,3.140999
4965,3.754
4966,2.126
4967,2.31
4968,1.569
4969,0.965
4970,0.38
4971,0.378
4972,0.373
4973,0.489
4974,0.366
4975,0.664
4976,3.833
4977,1.221
4978,2.0
4979,2.839
4980,0.468
4981,0.701
4982,1.977
4983,2.95
4984,3.0829989999999996
4985,2.646
4986,2.092
4987,2.793
4988,2.867
4989,3.246
4990,1.607
4991,1.047
4992,0.36
4993,0.359
4994,0.357
4995,0.356
4996,0.359
4997,0.356
4998,0.691
4999,0.748
5000,0.487
5001,0.515
5002,0.513
5003,0.505
5004,1.27
5005,1.733
5006,1.829
5007,2.155
5008,1.759
5009,1.689
5010,1.17
5011,1.282
5012,1.187
5013,0.632
5014,0.321
5015,0.321
5016,0.325
5017,0.324
5018,0.324
5019,0.323
5020,0.321
5021,0.32
5022,0.309
5023,0.291
5024,0.282
5025,0.282
5026,0.282
5027,0.969
5028,1.128
5029,1.902
5030,2.167
5031,2.17
5032,1.955
5033,2.075
5034,1.844
5035,1.558
5036,1.521
5037,1.232
5038,1.196
5039,0.881
5040,0.87
5041,0.593
5042,0.641
5043,0.646
5044,0.645
5045,0.641
5046,0.556
5047,0.423
5048,0.341
5049,0.34
5050,1.07
5051,1.271
5052,2.03
5053,2.13
5054,2.157
5055,2.087
5056,1.531
5057,1.538
5058,2.321
5059,1.752
5060,1.258
5061,1.398
5062,1.294
5063,1.178
5064,0.838
5065,0.835
5066,0.862
5067,0.933
5068,0.912
5069,0.636
5070,0.411
5071,0.364
5072,0.36
5073,1.013
5074,1.209
5075,1.277
5076,2.202
5077,2.455
5078,2.474
5079,2.559
5080,2.217
5081,1.859
5082,2.466
5083,1.58
5084,1.538
5085,1.018
5086,0.876
5087,0.648
5088,0.646
5089,0.638
5090,0.578
5091,0.638
5092,0.643
5093,0.601
5094,0.527
5095,0.337
5096,0.338
5097,0.34
5098,0.72
5099,1.125
5100,1.299
5101,1.792
5102,1.656
5103,1.019
5104,0.849
5105,1.371
5106,1.031
5107,0.967
5108,1.014
5109,0.632
5110,0.603
5111,0.606
5112,0.586
5113,0.58
5114,0.583
5115,0.584
5116,0.578
5117,0.59
5118,0.484
5119,0.344
5120,0.366
5121,1.034
5122,1.14
5123,1.535
5124,1.719
5125,1.41
5126,1.951
5127,1.77
5128,1.709
5129,2.016
5130,1.894
5131,1.352
5132,1.346
5133,1.3
5134,0.902
5135,0.613
5136,0.596
5137,0.593
5138,0.597
5139,0.729
5140,0.619
5141,0.604
5142,0.47
5143,0.368
5144,0.361
5145,0.361
5146,0.361
5147,0.362
5148,1.29
5149,1.715
5150,1.878
5151,1.95
5152,1.691
5153,1.358
5154,1.374
5155,1.18
5156,0.787
5157,1.214
5158,0.883
5159,0.604
5160,0.596
5161,0.593
5162,0.601
5163,0.626
5164,0.608
5165,0.59
5166,0.42
5167,0.372
5168,0.37
5169,0.365
5170,0.364
5171,0.505
5172,1.444
5173,1.759
5174,2.175
5175,2.115
5176,2.048
5177,1.875
5178,1.776
5179,1.558
5180,1.974
5181,1.35
5182,1.519
5183,0.963
5184,0.659
5185,0.662
5186,0.665
5187,0.663
5188,0.663
5189,0.662
5190,0.474
5191,0.392
5192,0.391
5193,0.388
5194,0.387
5195,1.157
5196,1.223
5197,1.97
5198,1.989
5199,2.012
5200,1.679
5201,1.376
5202,1.057
5203,0.935
5204,0.351
5205,0.328
5206,0.471
5207,1.005
5208,2.754
5209,1.009
5210,0.595
5211,0.361
5212,0.362
5213,0.36
5214,0.356
5215,0.528
5216,1.237
5217,1.032
5218,0.533
5219,0.531
5220,1.378
5221,1.065
5222,0.668
5223,0.455
5224,0.535
5225,1.579
5226,0.887
5227,0.803
5228,0.818
5229,0.734
5230,0.58
5231,0.419
5232,0.39
5233,0.374
5234,0.386
5235,0.378
5236,0.381
5237,0.38
5238,0.485
5239,0.522
5240,0.457
5241,0.451
5242,0.429
5243,0.319
5244,0.285
5245,0.337
5246,0.34
5247,0.379
5248,0.562
5249,0.308
5250,0.537
5251,0.4
5252,0.828
5253,1.975
5254,0.935
5255,0.384
5256,0.383
5257,0.381
5258,0.503
5259,0.428
5260,0.374
5261,0.383
5262,0.498
5263,0.747
5264,0.426
5265,0.572
5266,0.426
5267,0.412
5268,0.57
5269,4.167
5270,1.952
5271,1.715
5272,1.872
5273,2.229
5274,2.542
5275,2.156
5276,2.085
5277,0.988
5278,0.819
5279,0.478
5280,0.471
5281,0.467
5282,0.476
5283,0.568
5284,0.531
5285,0.46
5286,0.653
5287,0.593
5288,0.635
5289,0.595
5290,0.565
5291,0.537
5292,0.467
5293,0.387
5294,0.687
5295,1.646
5296,1.913
5297,1.466
5298,2.507
5299,2.279
5300,1.911
5301,1.885
5302,1.654
5303,2.315
5304,1.186
5305,0.55
5306,0.452
5307,0.449
5308,0.574
5309,0.554
5310,0.611
5311,0.571
5312,0.543
5313,0.473
5314,1.275
5315,1.622
5316,3.1949989999999997
5317,3.32
5318,1.288
5319,1.283
5320,2.06
5321,3.381
5322,2.235
5323,1.419
5324,1.491
5325,1.072
5326,2.465
5327,2.276
5328,1.138
5329,0.789
5330,0.475
5331,0.466
5332,0.591
5333,0.585
5334,0.711
5335,0.686
5336,0.635
5337,0.929
5338,1.271
5339,1.656
5340,2.18
5341,2.763
5342,2.769
5343,2.543
5344,0.65
5345,1.532
5346,2.487
5347,5.818
5348,4.48
5349,4.684
5350,2.335
5351,1.187
5352,0.474
5353,0.46
5354,0.47
5355,0.462
5356,0.468
5357,0.465
5358,0.686
5359,0.536
5360,1.213
5361,3.945
5362,1.412
5363,2.071
5364,2.595
5365,2.372
5366,2.327
5367,2.139
5368,1.984
5369,1.692
5370,3.039
5371,2.889
5372,2.707
5373,1.34
5374,1.209
5375,0.552
5376,0.546
5377,0.515
5378,0.532
5379,0.551
5380,0.581
5381,0.69
5382,0.657
5383,0.554
5384,1.435
5385,4.159
5386,0.849
5387,0.751
5388,2.134
5389,1.179
5390,0.653
5391,1.017
5392,0.97
5393,0.384
5394,0.363
5395,0.405
5396,3.222
5397,2.1
5398,0.828
5399,0.466
5400,0.473
5401,0.46
5402,0.474
5403,0.46
5404,0.466
5405,0.452
5406,0.509
5407,0.677
5408,0.416
5409,0.503
5410,3.388
5411,2.535
5412,2.257
5413,0.625
5414,1.267
5415,1.559
5416,2.663
5417,2.336
5418,1.799
5419,2.437
5420,2.208
5421,1.19
5422,0.645
5423,0.558
5424,0.504
5425,0.489
5426,0.494
5427,0.494
5428,0.572
5429,0.7
5430,0.491
5431,0.854
5432,0.449
5433,0.531
5434,0.541
5435,0.555
5436,0.514
5437,0.46
5438,0.447
5439,1.324
5440,1.972
5441,3.054
5442,2.642
5443,2.103
5444,4.073
5445,2.631999
5446,1.899
5447,1.055
5448,0.357
5449,0.368
5450,0.358
5451,0.37
5452,0.357
5453,0.5
5454,0.526
5455,0.83
5456,0.587
5457,0.486
5458,0.378
5459,1.288
5460,2.164
5461,2.681
5462,3.053
5463,3.145
5464,3.2959989999999997
5465,5.138
5466,4.674
5467,4.156998
5468,2.746
5469,2.259
5470,2.027
5471,2.706
5472,1.039
5473,0.618
5474,0.368
5475,0.361
5476,0.377
5477,0.36
5478,0.489
5479,0.666
5480,0.567
5481,1.119
5482,0.869
5483,0.313
5484,0.306
5485,0.843
5486,1.992
5487,2.332
5488,2.717
5489,2.547
5490,2.056
5491,1.683
5492,3.448
5493,3.2749989999999998
5494,2.225
5495,1.324
5496,1.057
5497,0.655
5498,0.365
5499,0.38
5500,0.368
5501,0.374
5502,0.599
5503,0.709
5504,1.066
5505,3.67
5506,1.68
5507,2.213
5508,2.752
5509,2.051
5510,1.988
5511,2.114
5512,2.215
5513,1.534
5514,1.377
5515,1.444
5516,3.2709989999999998
5517,1.372
5518,1.899
5519,1.941
5520,1.262
5521,0.766
5522,0.405
5523,0.401
5524,0.4
5525,0.402
5526,0.392
5527,0.446
5528,3.687
5529,1.857
5530,2.34
5531,1.191
5532,2.139
5533,2.888
5534,2.893
5535,2.961
5536,3.121
5537,3.833
5538,2.534
5539,1.941
5540,1.566
5541,3.791
5542,1.855
5543,1.455
5544,0.683
5545,0.377
5546,0.388
5547,0.38
5548,0.378
5549,0.493
5550,0.391
5551,0.381
5552,0.636
5553,1.289
5554,1.885
5555,1.99
5556,2.733
5557,2.816
5558,2.614
5559,3.169
5560,2.97
5561,4.547
5562,3.925
5563,2.696
5564,2.228
5565,1.693
5566,1.475
5567,0.815
5568,0.399
5569,0.405
5570,0.716
5571,0.722
5572,0.432
5573,0.633
5574,0.822
5575,1.623
5576,0.452
5577,0.341
5578,0.466
5579,0.905
5580,1.662
5581,2.658
5582,2.939
5583,2.946
5584,3.429
5585,2.972
5586,4.289
5587,2.6419989999999998
5588,3.394
5589,3.572998
5590,4.941
5591,2.089
5592,1.416
5593,0.963
5594,1.031
5595,0.702
5596,0.889
5597,0.55
5598,0.928
5599,0.814
5600,0.375
5601,0.379
5602,0.376
5603,0.656
5604,1.505
5605,2.332
5606,3.0179989999999997
5607,2.617
5608,2.91
5609,5.259999
5610,5.762
5611,4.262
5612,3.762
5613,2.568
5614,2.049
5615,2.201
5616,1.451
5617,0.741
5618,0.56
5619,0.455
5620,0.44
5621,0.433
5622,0.538
5623,0.59
5624,0.425
5625,0.574
5626,0.87
5627,0.644
5628,2.248
5629,2.265
5630,2.478
5631,2.437
5632,2.439
5633,2.855
5634,2.176
5635,2.518
5636,3.691
5637,2.166
5638,1.458
5639,1.099
5640,0.614
5641,0.508
5642,0.424
5643,0.377
5644,0.369
5645,0.377
5646,0.525
5647,1.245
5648,0.902
5649,0.474
5650,0.445
5651,0.478
5652,0.945
5653,2.247
5654,2.792
5655,2.677
5656,2.639
5657,2.474
5658,3.444
5659,3.074
5660,3.332
5661,3.161
5662,2.022
5663,1.309
5664,0.837
5665,0.486
5666,0.517
5667,0.398
5668,0.395
5669,0.391
5670,0.573
5671,0.491
5672,0.565
5673,0.739
5674,0.836
5675,0.948
5676,1.373
5677,0.746
5678,0.89
5679,0.629
5680,0.416
5681,0.605
5682,0.74
5683,0.572
5684,0.557
5685,0.53
5686,0.579
5687,0.408
5688,0.394
5689,0.385
5690,0.512
5691,0.441
5692,0.388
5693,0.384
5694,0.517
5695,0.375
5696,0.441
5697,0.902
5698,0.675
5699,4.124
5700,3.9
5701,2.937
5702,1.817
5703,1.819
5704,0.501
5705,0.511
5706,1.427
5707,1.096
5708,2.059
5709,1.387
5710,1.85
5711,1.081
5712,0.371
5713,0.373
5714,0.361
5715,0.501
5716,0.399
5717,0.351
5718,0.362
5719,0.472
5720,0.525
5721,0.587
5722,0.341
5723,0.318
5724,2.017
5725,2.911
5726,2.256
5727,2.28
5728,3.519
5729,3.004
5730,2.113
5731,1.895
5732,1.274
5733,1.612
5734,1.742
5735,1.181
5736,0.627
5737,0.343
5738,0.33
5739,0.335
5740,0.338
5741,0.476
5742,0.349
5743,0.602
5744,0.438
5745,0.423
5746,0.557
5747,0.303
5748,0.284
5749,0.364
5750,0.392
5751,0.401
5752,1.109
5753,1.226
5754,2.736
5755,1.599
5756,1.842
5757,0.556
5758,0.691
5759,1.638
5760,0.364
5761,0.361
5762,0.349
5763,0.363
5764,0.354
5765,0.485
5766,0.525
5767,0.726
5768,0.385
5769,0.406
5770,0.411
5771,0.431
5772,0.307
5773,0.294
5774,0.425
5775,1.113
5776,1.23
5777,1.959
5778,2.544
5779,1.893
5780,1.228
5781,0.839
5782,1.539
5783,1.154
5784,0.713
5785,0.425
5786,0.413
5787,0.417
5788,0.406
5789,0.427
5790,0.7
5791,0.729
5792,0.393
5793,0.407
5794,0.397
5795,0.303
5796,0.288
5797,0.757
5798,1.336
5799,2.181
5800,2.713
5801,4.685
5802,3.067
5803,3.204
5804,4.066998
5805,2.689
5806,1.918
5807,1.174
5808,0.373
5809,0.39
5810,0.375
5811,0.502
5812,0.513
5813,0.419
5814,0.556
5815,1.678
5816,0.563
5817,0.493
5818,0.529
5819,0.413
5820,0.596
5821,1.73
5822,2.332
5823,2.445
5824,2.655
5825,2.819
5826,2.261
5827,3.119
5828,3.029
5829,2.264
5830,1.968
5831,1.135
5832,0.764
5833,0.81
5834,0.5
5835,0.474
5836,0.443
5837,0.395
5838,0.519
5839,0.695
5840,0.359
5841,0.361
5842,0.467
5843,0.405
5844,1.165
5845,1.785
5846,2.461
5847,2.946
5848,3.3119989999999997
5849,6.033999
5850,6.705
5851,4.531
5852,3.262
5853,2.495
5854,2.039
5855,1.558
5856,0.91
5857,0.714
5858,0.401
5859,0.398
5860,0.555
5861,0.546
5862,0.787
5863,0.614
5864,0.661
5865,0.784
5866,1.021
5867,2.642
5868,2.834
5869,2.079
5870,2.026
5871,2.055
5872,1.947
5873,3.285
5874,2.929
5875,3.075
5876,2.382
5877,1.945
5878,3.639
5879,1.977
5880,1.27
5881,1.125
5882,0.388
5883,0.397
5884,0.428
5885,0.398
5886,0.395
5887,0.414
5888,1.45
5889,0.509
5890,0.477
5891,4.028
5892,2.977
5893,3.392
5894,4.18
5895,1.862
5896,1.668
5897,1.079
5898,2.291
5899,2.325999
5900,2.941
5901,2.128
5902,1.64
5903,0.806
5904,0.414
5905,0.437
5906,0.401
5907,0.404
5908,0.393
5909,0.404
5910,0.532
5911,0.499
5912,2.112
5913,0.994
5914,0.952
5915,2.713
5916,2.274
5917,2.502
5918,1.65
5919,3.396
5920,4.391
5921,2.624
5922,3.18
5923,3.103
5924,3.489
5925,2.518
5926,1.586
5927,0.594
5928,0.389
5929,0.459
5930,0.447
5931,0.408
5932,0.474
5933,0.385
5934,0.495
5935,0.708
5936,0.517
5937,0.381
5938,0.282
5939,0.276
5940,0.277
5941,0.268
5942,0.281
5943,0.284
5944,0.426
5945,1.199
5946,1.711
5947,0.954
5948,0.819
5949,2.915
5950,1.37
5951,0.847
5952,0.651
5953,0.399
5954,0.392
5955,0.396
5956,0.385
5957,0.394
5958,0.493
5959,1.04
5960,0.435
5961,0.427
5962,0.488
5963,0.411
5964,0.37
5965,0.338
5966,0.437
5967,0.759
5968,1.319
5969,2.893
5970,2.503
5971,2.078
5972,2.459
5973,1.991
5974,1.892
5975,1.319
5976,0.574
5977,0.48
5978,0.439
5979,0.443
5980,0.428
5981,0.427
5982,0.603
5983,0.816
5984,0.567
5985,0.339
5986,0.359
5987,0.479
5988,0.784
5989,0.818
5990,1.428
5991,0.883
5992,1.162
5993,3.062
5994,3.408
5995,3.689
5996,2.289
5997,1.737
5998,1.085
5999,0.767
6000,0.401
6001,0.523
6002,0.432
6003,0.384
6004,0.39
6005,0.376
6006,0.498
6007,0.498
6008,0.422
6009,0.395
6010,0.379
6011,0.301
6012,0.293
6013,0.477
6014,0.346
6015,0.327
6016,0.849
6017,2.527
6018,2.966
6019,3.108
6020,1.609
6021,1.18
6022,0.98
6023,3.238
6024,1.374
6025,0.604
6026,0.501
6027,0.469
6028,0.469
6029,0.463
6030,0.738
6031,0.757
6032,1.247
6033,2.639
6034,0.306
6035,1.941
6036,3.987
6037,0.307
6038,0.799
6039,1.656
6040,1.709
6041,1.426
6042,1.182
6043,0.903
6044,0.34
6045,0.304
6046,0.296
6047,0.297
6048,0.311
6049,0.446
6050,0.324
6051,0.307
6052,0.297
6053,0.303
6054,0.294
6055,0.293
6056,0.303
6057,0.296
6058,0.293
6059,1.91
6060,1.553
6061,2.2199989999999996
6062,2.114
6063,1.767
6064,1.305
6065,0.477
6066,0.456
6067,0.557
6068,0.587
6069,0.62
6070,0.856
6071,0.699
6072,0.409
6073,0.485
6074,0.394
6075,0.378
6076,0.372
6077,0.361
6078,0.473
6079,0.985
6080,0.648
6081,0.414
6082,0.417
6083,0.766
6084,0.84
6085,0.392
6086,0.447
6087,0.325
6088,0.399
6089,0.363
6090,1.085
6091,1.056
6092,0.617
6093,0.76
6094,0.636
6095,1.439
6096,1.108
6097,0.652
6098,0.376
6099,0.386
6100,0.37
6101,0.373
6102,0.499
6103,0.668
6104,0.838
6105,0.522
6106,0.571
6107,0.828
6108,0.629
6109,0.685
6110,0.823
6111,0.873
6112,0.866
6113,1.995
6114,2.563
6115,2.436
6116,1.244
6117,0.789
6118,0.72
6119,0.657
6120,0.592
6121,0.6
6122,0.49
6123,0.448
6124,0.451
6125,0.437
6126,0.545
6127,0.641
6128,0.441
6129,0.787
6130,1.047
6131,1.19
6132,1.517
6133,2.191
6134,0.792
6135,0.658
6136,1.99
6137,3.666
6138,2.447
6139,1.604
6140,1.001
6141,0.686
6142,0.551
6143,0.455
6144,0.451
6145,0.454
6146,0.537
6147,0.536
6148,0.469
6149,0.444
6150,0.573
6151,0.648
6152,0.575
6153,0.491
6154,0.601
6155,0.486
6156,0.509
6157,0.485
6158,0.419
6159,0.374
6160,0.361
6161,1.576
6162,1.211
6163,1.073
6164,0.539
6165,0.602
6166,0.453
6167,0.439
6168,0.418
6169,0.435
6170,0.419
6171,0.434
6172,0.574
6173,0.431
6174,0.562
6175,1.112
6176,1.258
6177,0.696
6178,0.609
6179,0.523
6180,0.515
6181,0.521
6182,1.352
6183,3.022
6184,0.399
6185,2.053
6186,1.687
6187,1.139
6188,0.9
6189,0.59
6190,0.556
6191,0.441
6192,0.412
6193,0.413
6194,0.432
6195,0.432
6196,0.506
6197,0.486
6198,0.597
6199,0.553
6200,0.681
6201,0.666
6202,0.576
6203,0.655
6204,0.558
6205,0.397
6206,0.488
6207,1.074
6208,0.92
6209,0.404
6210,0.41
6211,0.387
6212,2.573
6213,1.001
6214,0.525
6215,0.537
6216,0.509
6217,0.504
6218,0.495
6219,0.506
6220,0.626
6221,0.516
6222,0.446
6223,0.716
6224,1.023
6225,0.808
6226,0.354
6227,0.485
6228,0.584
6229,4.115
6230,1.202
6231,1.686
6232,1.788
6233,2.292
6234,5.466
6235,3.1
6236,0.784
6237,0.583
6238,0.438
6239,0.441
6240,0.423
6241,0.435
6242,0.425
6243,0.432
6244,0.426
6245,0.416
6246,0.675
6247,0.634
6248,0.479
6249,0.481
6250,0.497
6251,0.48
6252,0.866
6253,1.152
6254,1.734
6255,1.577
6256,1.465
6257,1.23
6258,2.919
6259,1.3
6260,1.162
6261,0.875
6262,0.714
6263,0.477
6264,0.443
6265,0.426
6266,0.437
6267,0.425
6268,0.421
6269,0.439
6270,0.575
6271,0.699
6272,0.534
6273,0.571
6274,0.511
6275,0.435
6276,0.348
6277,0.412
6278,0.472
6279,0.45
6280,0.4
6281,1.258
6282,1.125
6283,1.207
6284,0.758
6285,0.614
6286,1.132
6287,1.68
6288,0.481
6289,0.436
6290,0.445
6291,0.43
6292,0.451
6293,0.432
6294,0.582
6295,0.896
6296,0.453
6297,0.424
6298,0.403
6299,0.407
6300,0.409
6301,0.973
6302,1.065
6303,1.31
6304,1.308
6305,0.447
6306,0.325
6307,0.341
6308,0.568
6309,0.631
6310,0.579
6311,0.8
6312,0.412
6313,0.55
6314,0.451
6315,0.409
6316,0.394
6317,0.532
6318,0.503
6319,0.669
6320,0.951
6321,1.128
6322,0.537
6323,0.442
6324,0.468
6325,0.403
6326,1.129
6327,1.365
6328,1.191
6329,1.078
6330,1.246
6331,1.241
6332,0.771
6333,0.648
6334,2.114
6335,0.876
6336,0.518
6337,0.501
6338,0.516
6339,0.648
6340,0.536
6341,0.57
6342,0.692
6343,0.648
6344,0.836
6345,0.498
6346,0.572
6347,0.453
6348,0.417
6349,0.28
6350,0.279
6351,0.357
6352,0.49
6353,0.45
6354,0.774
6355,1.527
6356,1.676
6357,0.867
6358,1.628
6359,0.474
6360,0.454
6361,0.465
6362,0.451
6363,0.471
6364,0.607
6365,0.483
6366,0.723
6367,0.52
6368,1.088
6369,1.223
6370,2.737999
6371,0.36
6372,0.326
6373,0.311
6374,1.345
6375,1.009
6376,1.561
6377,1.351
6378,0.638
6379,0.967
6380,0.814
6381,0.588
6382,0.554
6383,0.517
6384,0.491
6385,0.475
6386,0.453
6387,0.466
6388,0.455
6389,0.503
6390,0.855
6391,0.708
6392,1.154
6393,3.724999
6394,2.637
6395,4.182
6396,0.771
6397,0.865
6398,1.873
6399,4.572
6400,2.295
6401,1.528
6402,0.777
6403,0.945
6404,0.625
6405,0.668
6406,1.274
6407,0.797
6408,0.463
6409,0.469
6410,0.471
6411,0.455
6412,0.467
6413,0.475
6414,0.778
6415,0.877
6416,0.858
6417,0.639
6418,0.489
6419,0.364
6420,0.361
6421,0.411
6422,0.409
6423,0.591
6424,0.434
6425,0.33
6426,0.687
6427,1.777
6428,2.3
6429,0.883
6430,0.747
6431,2.43
6432,1.43
6433,0.76
6434,0.484
6435,0.518
6436,0.706
6437,0.433
6438,0.421
6439,0.54
6440,0.508
6441,0.562
6442,0.438
6443,0.43
6444,0.463
6445,0.797
6446,0.474
6447,0.308
6448,0.369
6449,3.049
6450,1.655
6451,1.449
6452,1.293
6453,1.64
6454,0.517
6455,0.529
6456,0.416
6457,0.405
6458,0.389
6459,0.405
6460,0.412
6461,0.397
6462,0.51
6463,0.513
6464,0.538
6465,0.711
6466,0.555
6467,0.674
6468,0.957
6469,0.704
6470,0.347
6471,0.504
6472,0.757
6473,1.205
6474,2.77
6475,2.706
6476,1.089
6477,2.545
6478,1.793
6479,0.993
6480,0.663
6481,0.375
6482,0.377
6483,0.373
6484,0.372
6485,0.366
6486,0.496
6487,0.53
6488,0.362
6489,0.265
6490,0.276
6491,0.373
6492,0.731
6493,0.44
6494,0.479
6495,0.8
6496,1.024
6497,1.184
6498,1.008
6499,1.652
6500,3.017
6501,1.889
6502,1.315
6503,0.86
6504,0.408
6505,0.398
6506,0.398
6507,0.386
6508,0.395
6509,0.379
6510,0.507
6511,0.754
6512,0.422
6513,0.314
6514,0.365
6515,0.324
6516,0.406
6517,0.305
6518,2.982
6519,3.658
6520,0.778
6521,0.341
6522,0.598
6523,0.675
6524,3.024
6525,1.771
6526,1.247
6527,0.529
6528,0.389
6529,0.375
6530,0.379
6531,0.382
6532,0.371
6533,0.373
6534,0.386
6535,0.48
6536,0.513
6537,2.4
6538,3.894
6539,1.412
6540,0.605
6541,0.865
6542,1.498
6543,1.805
6544,1.307
6545,1.92
6546,2.196
6547,1.072
6548,3.139
6549,1.523
6550,0.817
6551,0.422
6552,0.416
6553,0.427
6554,0.414
6555,0.416
6556,0.416
6557,0.407
6558,0.435
6559,0.516
6560,0.879
6561,0.92
6562,0.703
6563,0.919
6564,1.433
6565,1.363
6566,1.334
6567,1.217
6568,1.749
6569,1.597
6570,1.795
6571,1.908
6572,0.937
6573,0.672
6574,2.031
6575,1.561
6576,0.816
6577,0.479
6578,0.495
6579,0.478
6580,0.492
6581,0.477
6582,0.66
6583,0.788
6584,0.598
6585,0.489
6586,0.586
6587,0.516
6588,0.489
6589,0.366
6590,0.429
6591,0.822
6592,0.792
6593,0.535
6594,1.232
6595,1.325
6596,0.722
6597,0.525
6598,0.428
6599,0.426
6600,0.408
6601,0.424
6602,0.412
6603,0.426
6604,0.417
6605,0.427
6606,0.651
6607,0.654
6608,0.651
6609,0.486
6610,0.444
6611,0.926
6612,0.464
6613,0.39
6614,0.424
6615,0.43
6616,0.541
6617,1.574
6618,1.164
6619,1.63
6620,1.955
6621,0.611
6622,0.477
6623,0.403
6624,0.401
6625,0.404
6626,0.395
6627,0.41
6628,0.393
6629,0.39
6630,0.521
6631,0.616
6632,0.829
6633,0.7
6634,0.691
6635,0.447
6636,0.333
6637,0.424
6638,0.518
6639,0.464
6640,0.436
6641,0.529
6642,1.281
6643,0.775
6644,0.564
6645,0.51
6646,0.662
6647,0.453
6648,0.421
6649,0.412
6650,0.412
6651,0.421
6652,0.407
6653,0.411
6654,0.538
6655,0.716
6656,1.174
6657,0.765
6658,0.572
6659,0.473
6660,0.447
6661,0.45
6662,0.453
6663,0.658
6664,0.489
6665,1.151
6666,1.311
6667,0.651
6668,0.548
6669,0.522
6670,0.545
6671,0.452
6672,0.508
6673,0.497
6674,0.433
6675,0.413
6676,0.518
6677,0.564
6678,0.751
6679,0.827
6680,0.987
6681,0.799
6682,1.694
6683,2.729
6684,3.72
6685,0.523
6686,0.564
6687,0.58
6688,0.631
6689,0.923
6690,1.045
6691,0.96
6692,0.618
6693,0.661
6694,0.625
6695,0.411
6696,0.337
6697,0.469
6698,0.56
6699,0.686
6700,0.65
6701,0.601
6702,0.611
6703,0.734
6704,1.903
6705,1.16
6706,0.839
6707,0.695
6708,0.406
6709,0.427
6710,0.517
6711,0.539
6712,0.383
6713,0.428
6714,0.972
6715,1.39
6716,0.689
6717,0.563
6718,0.398
6719,0.342
6720,0.336
6721,0.347
6722,0.342
6723,0.335
6724,0.341
6725,0.484
6726,0.531
6727,0.962
6728,2.935
6729,2.455
6730,1.463
6731,1.259
6732,0.823
6733,0.699
6734,0.718
6735,0.653
6736,0.688
6737,1.772
6738,0.735
6739,0.568
6740,0.527
6741,0.564
6742,0.475
6743,0.407
6744,0.388
6745,0.383
6746,0.394
6747,0.384
6748,0.381
6749,0.385
6750,0.381
6751,1.318
6752,0.765
6753,0.559
6754,0.572
6755,3.181
6756,0.419
6757,0.41
6758,0.368
6759,0.539
6760,0.291
6761,0.406
6762,3.272
6763,0.978
6764,0.793
6765,0.596
6766,0.541
6767,2.131
6768,1.559
6769,0.66
6770,0.363
6771,0.363
6772,0.364
6773,0.356
6774,0.482
6775,0.613
6776,0.478
6777,0.401
6778,0.401
6779,0.409
6780,0.427
6781,0.335
6782,0.733
6783,0.808
6784,1.042
6785,0.649
6786,1.13
6787,0.828
6788,0.449
6789,0.552
6790,0.509
6791,0.48
6792,0.374
6793,0.366
6794,0.375
6795,0.436
6796,0.517
6797,0.481
6798,0.592
6799,0.645
6800,0.594
6801,0.741
6802,0.504
6803,0.484
6804,0.629
6805,0.293
6806,0.406
6807,0.427
6808,0.383
6809,0.825
6810,1.37
6811,1.097
6812,0.576
6813,0.588
6814,0.472
6815,0.397
6816,0.384
6817,0.381
6818,0.384
6819,0.384
6820,0.538
6821,0.556
6822,0.616
6823,1.228
6824,0.741
6825,0.868
6826,1.309
6827,1.209
6828,1.192
6829,1.274
6830,0.755
6831,0.402
6832,0.393
6833,0.413
6834,0.355
6835,0.994
6836,0.628
6837,0.683
6838,0.651
6839,0.369
6840,0.323
6841,0.321
6842,0.371
6843,0.495
6844,0.537
6845,0.505
6846,0.675
6847,1.384
6848,1.092
6849,0.576
6850,0.548
6851,0.362
6852,0.291
6853,0.332
6854,0.458
6855,0.515
6856,0.462
6857,0.412
6858,1.65
6859,3.412
6860,1.708
6861,0.901
6862,0.626
6863,0.335
6864,0.321
6865,0.44
6866,0.571
6867,0.558
6868,0.584
6869,0.553
6870,0.595
6871,0.956
6872,1.484
6873,0.581
6874,0.928
6875,2.852
6876,1.487
6877,1.5
6878,1.154
6879,1.191
6880,1.271
6881,1.241
6882,1.187
6883,0.863
6884,0.603
6885,0.566
6886,0.389
6887,0.385
6888,0.374
6889,0.533
6890,0.582
6891,0.656
6892,0.629
6893,0.604
6894,0.639
6895,0.753
6896,0.711
6897,1.159
6898,4.155
6899,0.784
6900,0.445
6901,0.321
6902,0.318
6903,0.324
6904,1.53
6905,1.763
6906,4.491
6907,1.301
6908,0.795
6909,0.72
6910,0.488
6911,0.423
6912,0.416
6913,0.507
6914,0.584
6915,0.636
6916,0.646
6917,0.638
6918,0.816
6919,0.935
6920,0.809
6921,1.105
6922,1.115
6923,0.606
6924,0.669
6925,0.446
6926,0.417
6927,0.415
6928,0.407
6929,0.399
6930,0.757
6931,1.474
6932,1.223
6933,0.656
6934,0.502
6935,0.603
6936,0.514
6937,0.459
6938,0.47
6939,0.466
6940,0.458
6941,0.454
6942,0.585
6943,0.729
6944,0.798
6945,0.776
6946,0.508
6947,0.503
6948,0.532
6949,0.546
6950,0.455
6951,0.413
6952,0.394
6953,0.395
6954,0.404
6955,2.275
6956,2.493
6957,0.672
6958,0.633
6959,0.607
6960,0.479
6961,0.598
6962,0.543
6963,0.498
6964,0.495
6965,0.485
6966,1.27
6967,2.18
6968,0.708
6969,0.595
6970,0.484
6971,0.475
6972,0.563
6973,0.357
6974,0.413
6975,0.48
6976,0.47
6977,1.007
6978,1.203
6979,1.088
6980,1.034
6981,0.831
6982,0.642
6983,1.007
6984,1.887
6985,0.832
6986,0.446
6987,0.584
6988,0.48
6989,0.453
6990,0.588
6991,1.476
6992,1.173
6993,0.761
6994,0.621
6995,0.548
6996,0.452
6997,0.553
6998,0.551
6999,0.577
7000,0.592
7001,0.563
7002,1.434
7003,1.0
7004,0.614
7005,0.611
7006,0.541
7007,0.373
7008,0.354
7009,0.364
7010,0.356
7011,0.477
7012,0.488
7013,0.398
7014,0.384
7015,0.665
7016,0.655
7017,1.304
7018,0.955
7019,0.495
7020,0.31
7021,0.408
7022,0.648
7023,6.749999
7024,2.435
7025,1.517
7026,1.918
7027,1.751
7028,1.364
7029,0.586
7030,1.211
7031,2.01
7032,0.966
7033,0.354
7034,0.4
7035,0.477
7036,0.369
7037,0.35
7038,0.487
7039,1.001
7040,0.927
7041,1.448
7042,2.689
7043,0.903
7044,4.328
7045,1.683
7046,1.57
7047,2.134
7048,2.095
7049,1.373
7050,1.612
7051,1.775
7052,0.796
7053,0.491
7054,0.501
7055,0.403
7056,0.377
7057,0.379
7058,0.381
7059,0.514
7060,0.402
7061,0.396
7062,0.489
7063,0.529
7064,1.372
7065,0.864
7066,0.845
7067,0.808
7068,0.296
7069,0.343
7070,0.649
7071,0.547
7072,0.384
7073,1.393
7074,1.275
7075,0.919
7076,1.617
7077,1.528
7078,0.602
7079,0.356
7080,0.361
7081,0.362
7082,0.363
7083,0.496
7084,0.358
7085,0.33
7086,0.458
7087,1.116
7088,1.099
7089,0.56
7090,0.374
7091,0.3
7092,0.275
7093,0.312
7094,0.312
7095,0.352
7096,0.367
7097,0.504
7098,1.023
7099,0.819
7100,0.516
7101,0.469
7102,1.097
7103,0.919
7104,0.345
7105,0.344
7106,0.347
7107,0.347
7108,0.362
7109,0.48
7110,0.513
7111,1.142
7112,0.8
7113,0.509
7114,0.348
7115,0.312
7116,0.418
7117,0.312
7118,0.31
7119,0.325
7120,0.326
7121,1.355
7122,1.058
7123,0.788
7124,0.397
7125,0.452
7126,0.426
7127,0.352
7128,0.336
7129,0.333
7130,0.391
7131,0.49
7132,0.496
7133,0.506
7134,0.778
7135,1.228
7136,0.641
7137,0.575
7138,0.392
7139,0.277
7140,0.276
7141,0.288
7142,0.396
7143,0.379
7144,0.372
7145,1.938
7146,1.312
7147,1.045
7148,0.561
7149,0.507
7150,0.435
7151,0.361
7152,0.355
7153,0.349
7154,0.348
7155,0.345
7156,0.341
7157,0.483
7158,0.572
7159,1.118
7160,1.24
7161,0.902
7162,0.755
7163,0.58
7164,0.624
7165,0.832
7166,0.301
7167,0.271
7168,0.316
7169,0.394
7170,0.41
7171,1.257
7172,1.165
7173,0.964
7174,0.579
7175,0.336
7176,0.331
7177,0.331
7178,0.334
7179,0.39
7180,0.537
7181,0.586
7182,0.726
7183,0.864
7184,1.167
7185,0.956
7186,0.864
7187,0.69
7188,0.707
7189,0.569
7190,0.477
7191,0.691
7192,0.752
7193,0.9
7194,2.103
7195,1.649
7196,0.83
7197,0.806
7198,0.81
7199,0.535
7200,0.327
7201,0.333
7202,0.531
7203,0.617
7204,0.655
7205,0.612
7206,0.638
7207,0.749
7208,4.151
7209,2.441
7210,1.082
7211,1.947
7212,2.935
7213,2.448
7214,2.855
7215,1.744
7216,3.735
7217,3.697
7218,2.361
7219,1.216
7220,0.929
7221,0.918
7222,0.838
7223,0.4
7224,0.366
7225,0.553
7226,0.816
7227,0.718
7228,0.712
7229,0.709
7230,0.65
7231,0.885
7232,1.682
7233,1.403
7234,0.943
7235,1.011
7236,1.181
7237,1.093
7238,1.056
7239,0.706
7240,1.38
7241,2.121
7242,1.268
7243,1.285
7244,1.181
7245,0.875
7246,0.376
7247,0.588
7248,0.688
7249,0.708
7250,0.716
7251,0.728
7252,0.717
7253,0.718
7254,0.878
7255,1.487
7256,1.35
7257,0.998
7258,0.878
7259,0.723
7260,0.542
7261,0.645
7262,0.506
7263,1.988
7264,1.146
7265,1.611
7266,1.336
7267,1.686
7268,1.209
7269,0.747
7270,0.849
7271,0.548
7272,0.323
7273,0.437
7274,0.562
7275,0.695
7276,0.678
7277,0.668
7278,0.865
7279,1.712
7280,0.806
7281,0.468
7282,0.686
7283,0.725
7284,0.506
7285,0.54
7286,0.553
7287,0.68
7288,1.264
7289,1.335
7290,0.699
7291,0.823
7292,0.659
7293,0.793
7294,0.788
7295,0.374
7296,0.357
7297,0.424
7298,0.554
7299,0.613
7300,0.663
7301,0.642
7302,0.765
7303,1.767
7304,0.876
7305,0.887
7306,1.063
7307,0.861
7308,0.932
7309,0.412
7310,0.39
7311,0.464
7312,0.541
7313,0.545
7314,0.599
7315,0.676
7316,0.655
7317,0.692
7318,0.587
7319,0.428
7320,0.321
7321,0.326
7322,0.315
7323,0.425
7324,0.558
7325,0.552
7326,0.632
7327,1.152
7328,0.736
7329,0.641
7330,0.522
7331,0.293
7332,0.278
7333,0.332
7334,0.381
7335,0.65
7336,0.561
7337,0.599
7338,1.417
7339,1.132
7340,0.511
7341,0.84
7342,0.711
7343,0.558
7344,0.331
7345,0.342
7346,0.324
7347,0.324
7348,0.322
7349,0.37
7350,0.985
7351,0.989
7352,0.792
7353,0.522
7354,0.617
7355,1.122
7356,0.869
7357,0.291
7358,0.277
7359,0.283
7360,0.342
7361,0.785
7362,1.144
7363,1.198
7364,0.495
7365,0.521
7366,0.589
7367,0.439
7368,0.43
7369,0.345
7370,0.334
7371,0.381
7372,0.487
7373,0.513
7374,0.521
7375,0.865
7376,4.193999
7377,1.068
7378,1.045
7379,3.991
7380,1.139
7381,0.344
7382,0.31
7383,0.293
7384,0.304
7385,0.481
7386,3.867
7387,1.017
7388,1.348
7389,0.363
7390,0.331
7391,0.336
7392,0.334
7393,0.469
7394,0.374
7395,0.283
7396,0.329
7397,0.397
7398,0.423
7399,0.398
7400,0.649
7401,1.778
7402,2.886999
7403,0.592
7404,0.683
7405,0.845
7406,1.253
7407,1.201
7408,2.088
7409,2.474
7410,2.18
7411,1.226
7412,1.191
7413,1.171
7414,0.464
7415,0.341
7416,0.339
7417,0.339
7418,0.464
7419,0.36
7420,0.332
7421,0.32
7422,0.324
7423,0.701
7424,1.164
7425,0.758
7426,0.553
7427,0.39
7428,0.278
7429,0.28
7430,0.503
7431,0.44
7432,0.394
7433,1.438
7434,2.212
7435,1.166
7436,0.705
7437,0.795
7438,0.769
7439,0.69
7440,0.592
7441,0.349
7442,0.343
7443,0.468
7444,0.397
7445,0.357
7446,0.343
7447,0.556
7448,0.851
7449,0.832
7450,0.654
7451,0.46
7452,0.518
7453,0.516
7454,0.452
7455,0.314
7456,0.297
7457,0.427
7458,1.379
7459,1.33
7460,0.821
7461,0.609
7462,0.617
7463,0.57
7464,0.376
7465,0.354
7466,0.339
7467,0.339
7468,0.341
7469,0.484
7470,0.69
7471,0.78
7472,1.112
7473,1.241
7474,0.846
7475,0.777
7476,0.962
7477,1.364
7478,0.813
7479,0.886
7480,0.749
7481,0.787
7482,2.29
7483,1.547
7484,1.31
7485,0.725
7486,0.802
7487,0.74
7488,0.356
7489,0.332
7490,0.327
7491,0.383
7492,0.503
7493,0.587
7494,0.652
7495,0.874
7496,1.063
7497,0.845
7498,0.696
7499,0.574
7500,0.569
7501,0.527
7502,0.505
7503,0.569
7504,0.572
7505,0.599
7506,0.914
7507,1.486
7508,1.625
7509,0.916
7510,0.858
7511,0.647
7512,0.347
7513,0.466
7514,0.616
7515,0.647
7516,0.665
7517,0.641
7518,0.665
7519,0.779
7520,1.373
7521,1.11
7522,0.808
7523,0.629
7524,0.377
7525,0.285
7526,0.562
7527,0.554
7528,0.58
7529,0.533
7530,0.826
7531,1.096
7532,1.202
7533,0.749
7534,0.764
7535,0.7
7536,0.457
7537,0.345
7538,0.434
7539,0.533
7540,0.607
7541,0.612
7542,0.616
7543,0.635
7544,0.979
7545,1.389
7546,4.255
7547,1.583
7548,3.497
7549,1.103
7550,0.329
7551,0.342
7552,0.901
7553,2.128
7554,2.77
7555,1.207
7556,0.875
7557,0.771
7558,0.924
7559,0.671
7560,0.457
7561,0.331
7562,0.329
7563,0.377
7564,0.53
7565,0.562
7566,0.545
7567,0.581
7568,3.136
7569,1.911
7570,0.729
7571,0.512
7572,0.347
7573,0.48
7574,0.338
7575,0.481
7576,0.531
7577,0.566
7578,0.997
7579,0.676
7580,0.529
7581,0.462
7582,0.582
7583,0.512
7584,0.516
7585,0.55
7586,0.54
7587,0.54
7588,0.574
7589,0.557
7590,0.538
7591,0.714
7592,1.302
7593,0.742
7594,0.618
7595,0.522
7596,0.511
7597,0.448
7598,0.438
7599,0.555
7600,0.436
7601,0.423
7602,1.324
7603,1.297
7604,1.244
7605,0.776
7606,0.597
7607,0.415
7608,0.37
7609,0.34
7610,0.32
7611,0.332
7612,0.321
7613,0.475
7614,0.934
7615,1.14
7616,1.198
7617,0.857
7618,0.33
7619,0.303
7620,0.4
7621,0.419
7622,0.376
7623,0.383
7624,0.388
7625,0.4
7626,1.942
7627,1.3
7628,1.195
7629,0.742
7630,0.639
7631,0.604
7632,0.37
7633,0.346
7634,0.337
7635,0.367
7636,0.467
7637,0.53
7638,0.504
7639,0.65
7640,0.818
7641,0.801
7642,0.564
7643,0.562
7644,0.401
7645,0.351
7646,0.316
7647,0.386
7648,0.391
7649,0.512
7650,1.635
7651,1.44
7652,0.855
7653,0.686
7654,0.752
7655,0.675
7656,0.428
7657,0.378
7658,0.346
7659,0.346
7660,0.389
7661,0.496
7662,0.495
7663,0.585
7664,2.201
7665,1.438
7666,0.693
7667,0.559
7668,0.52
7669,0.506
7670,0.656
7671,3.149
7672,0.767
7673,0.678
7674,1.596
7675,1.854
7676,1.266
7677,0.788
7678,0.724
7679,0.642
7680,0.627
7681,0.349
7682,0.334
7683,0.315
7684,0.32
7685,0.477
7686,0.52
7687,0.694
7688,0.762
7689,1.155
7690,0.742
7691,1.471
7692,0.382
7693,0.45
7694,0.622
7695,1.997
7696,3.185
7697,0.453
7698,0.358
7699,0.808
7700,0.655
7701,0.627
7702,0.482
7703,0.423
7704,0.361
7705,0.443
7706,0.552
7707,0.536
7708,0.577
7709,0.561
7710,0.544
7711,0.564
7712,0.763
7713,1.285
7714,0.679
7715,1.521
7716,1.723
7717,2.4
7718,0.505
7719,0.701
7720,0.97
7721,2.395
7722,2.186
7723,1.389
7724,0.691
7725,0.578
7726,0.707
7727,0.746
7728,0.561
7729,0.38
7730,0.351
7731,0.348
7732,0.448
7733,0.576
7734,0.573
7735,0.56
7736,0.699
7737,1.758
7738,0.944
7739,1.133
7740,0.658
7741,0.673
7742,0.612
7743,0.715
7744,0.764
7745,1.663
7746,3.515
7747,1.357
7748,1.24
7749,0.706
7750,0.729
7751,0.685
7752,0.611
7753,0.374
7754,0.348
7755,0.406
7756,0.529
7757,0.586
7758,0.608
7759,0.711
7760,1.168
7761,1.161
7762,0.451
7763,0.595
7764,0.609
7765,0.528
7766,0.544
7767,0.65
7768,0.62
7769,0.612
7770,1.513
7771,2.656
7772,1.122
7773,0.834
7774,0.687
7775,0.781
7776,0.569
7777,0.348
7778,0.335
7779,0.512
7780,0.602
7781,0.609
7782,0.635
7783,0.974
7784,1.489
7785,0.692
7786,0.285
7787,0.342
7788,0.785
7789,0.557
7790,0.778
7791,0.604
7792,0.401
7793,0.534
7794,1.587
7795,1.432
7796,1.018
7797,0.726
7798,0.836
7799,0.7
7800,0.434
7801,0.341
7802,0.351
7803,0.471
7804,0.546
7805,0.515
7806,0.522
7807,0.516
7808,0.661
7809,0.663
7810,0.504
7811,0.894
7812,0.732
7813,0.959
7814,0.32
7815,0.311
7816,0.48
7817,0.63
7818,2.109
7819,1.521
7820,1.036
7821,0.698
7822,0.62
7823,0.672
7824,0.472
7825,0.503
7826,0.369
7827,0.347
7828,0.341
7829,0.413
7830,0.576
7831,0.593
7832,0.697
7833,1.391
7834,1.093
7835,1.063
7836,1.063
7837,1.21
7838,1.257
7839,1.105
7840,1.197
7841,2.109
7842,1.831
7843,1.395
7844,1.206
7845,1.005
7846,0.936
7847,0.619
7848,0.377
7849,0.634
7850,0.722
7851,0.756
7852,0.723
7853,0.737
7854,0.749
7855,0.719
7856,0.75
7857,1.102
7858,1.31
7859,1.541
7860,4.515
7861,3.973
7862,2.264
7863,0.414
7864,0.611
7865,1.381
7866,2.092
7867,3.227
7868,2.256
7869,1.514
7870,1.233
7871,1.27
7872,0.919
7873,0.536
7874,0.697
7875,0.574
7876,0.742
7877,0.729
7878,0.79
7879,0.734
7880,0.997
7881,2.071
7882,1.937
7883,1.804
7884,1.471
7885,0.687
7886,2.2029989999999997
7887,1.405
7888,1.189
7889,1.166
7890,1.858
7891,1.563
7892,0.704
7893,1.42
7894,1.079
7895,0.463
7896,0.478
7897,0.699
7898,0.783
7899,0.773
7900,0.746
7901,0.722
7902,0.841
7903,0.877
7904,1.004
7905,1.307
7906,1.43
7907,1.199
7908,1.218
7909,0.951
7910,1.366
7911,1.708
7912,1.887
7913,1.294
7914,1.445
7915,3.364
7916,1.445
7917,0.825
7918,0.885
7919,0.674
7920,0.667
7921,0.716
7922,0.766
7923,0.745
7924,0.773
7925,0.729
7926,0.719
7927,0.974
7928,1.333
7929,1.137
7930,1.084
7931,1.121
7932,0.903
7933,0.743
7934,0.829
7935,0.64
7936,0.604
7937,1.056
7938,2.963
7939,1.526
7940,1.564
7941,0.981
7942,0.821
7943,0.531
7944,0.355
7945,0.447
7946,0.602
7947,0.677
7948,0.62
7949,0.68
7950,1.192
7951,1.051
7952,0.962
7953,0.945
7954,0.68
7955,0.555
7956,0.325
7957,0.354
7958,0.438
7959,0.404
7960,0.426
7961,0.469
7962,0.531
7963,1.989
7964,1.677
7965,1.51
7966,1.35
7967,0.826
7968,0.452
7969,0.572
7970,0.608
7971,0.641
7972,0.617
7973,0.617
7974,0.621
7975,0.877
7976,1.195
7977,0.62
7978,0.481
7979,0.348
7980,0.292
7981,0.282
7982,0.286
7983,0.448
7984,0.438
7985,0.489998
7986,1.413
7987,1.677999
7988,1.476999
7989,1.027999
7990,0.777999
7991,0.645
7992,0.401
7993,0.356
7994,0.514
7995,0.792
7996,0.7669980000000001
7997,0.777999
7998,0.715
7999,0.843
8000,1.207
8001,0.988
8002,0.694
8003,0.567999
8004,0.38299900000000003
8005,0.404
8006,0.567
8007,0.654
8008,0.756
8009,0.743998
8010,2.313
8011,1.7879990000000001
8012,1.794
8013,1.944
8014,1.711
8015,1.213
8016,0.514999
8017,0.356999
8018,0.586
8019,0.7329990000000001
8020,0.708
8021,0.7
8022,0.716
8023,0.8459990000000001
8024,1.605999
8025,0.847
8026,0.849
8027,3.92
8028,2.542
8029,1.8019990000000001
8030,0.622999
8031,0.621999
8032,0.665
8033,0.745
8034,2.101
8035,1.732
8036,1.629998
8037,1.09
8038,1.176
8039,1.154
8040,0.451998
8041,0.696
8042,0.710999
8043,0.687
8044,0.711999
8045,0.694
8046,0.687
8047,0.808
8048,0.937
8049,1.3389980000000001
8050,0.747999
8051,0.734
8052,0.741
8053,1.214999
8054,0.915
8055,1.068
8056,1.32
8057,1.540999
8058,1.392
8059,5.251
8060,1.399
8061,1.254
8062,1.265
8063,0.781
8064,0.451
8065,0.44699900000000004
8066,0.596
8067,0.63
8068,0.786
8069,0.658
8070,0.596
8071,0.627999
8072,0.703999
8073,0.958
8074,1.365
8075,1.5399990000000001
8076,0.5959990000000001
8077,0.389
8078,1.485
8079,2.6219989999999997
8080,0.878999
8081,1.483
8082,2.2789989999999998
8083,2.921999
8084,1.6689990000000001
8085,1.246
8086,1.039
8087,0.669
8088,0.37
8089,0.352
8090,0.505999
8091,0.623
8092,0.6039990000000001
8093,0.602
8094,0.71
8095,0.722
8096,1.232
8097,0.838
8098,0.6
8099,0.484
8100,0.287999
8101,0.277
8102,0.313
8103,0.333
8104,0.413
8105,0.53
8106,2.196
8107,1.565
8108,1.476
8109,0.946
8110,1.041
8111,0.93
8112,0.859
8113,0.358
8114,0.491
8115,0.533
8116,0.588
8117,0.568
8118,0.543
8119,0.669
8120,0.867
8121,0.934
8122,1.071
8123,0.988
8124,0.44499900000000003
8125,0.418999
8126,0.409999
8127,0.478
8128,0.534
8129,0.644
8130,1.676
8131,1.936
8132,1.691
8133,1.238998
8134,1.048999
8135,1.339
8136,0.613
8137,0.438
8138,0.428
8139,0.431
8140,0.432
8141,0.529
8142,0.643
8143,0.785
8144,1.703
8145,0.849
8146,0.707
8147,0.596
8148,0.45099900000000004
8149,0.389
8150,0.538
8151,0.419
8152,0.341
8153,0.33599900000000005
8154,1.352
8155,1.844999
8156,2.037
8157,1.288
8158,0.657
8159,0.491
8160,0.465
8161,0.45299900000000004
8162,0.501999
8163,0.6
8164,0.671
8165,0.639
8166,0.604
8167,0.777
8168,1.576999
8169,1.106999
8170,0.571
8171,0.578999
8172,0.649999
8173,0.541
8174,0.526
8175,0.582999
8176,0.554999
8177,0.857998
8178,1.839
8179,1.469999
8180,1.454
8181,1.065999
8182,1.073
8183,1.022999
8184,0.547
8185,0.352
8186,0.326
8187,0.494
8188,0.561
8189,0.63
8190,0.611
8191,0.733
8192,1.262
8193,0.953
8194,0.998
8195,0.971
8196,0.627
8197,0.473
8198,0.666
8199,1.519999
8200,3.396
8201,1.106
8202,1.642999
8203,5.044
8204,1.738999
8205,1.211
8206,1.216999
8207,1.2
8208,0.839999
8209,0.364
8210,0.394
8211,0.614
8212,0.714
8213,0.6779980000000001
8214,0.694998
8215,0.676999
8216,0.761999
8217,1.593
8218,1.299
8219,1.962999
8220,2.015
8221,1.486
8222,4.477
8223,1.205
8224,1.256
8225,1.186
8226,1.994999
8227,2.044
8228,2.326
8229,1.1709990000000001
8230,1.036
8231,0.934999
8232,0.521
8233,0.366
8234,0.39699900000000005
8235,0.635999
8236,0.681
8237,0.747
8238,0.711
8239,0.7219990000000001
8240,0.827
8241,1.637
8242,2.522
8243,1.488
8244,1.004
8245,1.505
8246,1.382
8247,1.027
8248,1.262
8249,1.601
8250,1.644
8251,2.237
8252,2.4
8253,1.466999
8254,1.468
8255,0.704
8256,0.547999
8257,0.529
8258,0.524999
8259,0.601
8260,0.604
8261,0.613
8262,0.589999
8263,0.751
8264,1.0439990000000001
8265,1.327999
8266,1.1769990000000001
8267,0.941
8268,0.669
8269,0.465
8270,0.471
8271,0.85
8272,0.692999
8273,0.867
8274,1.530998
8275,1.603
8276,1.463
8277,1.103998
8278,1.186999
8279,0.797
8280,0.365
8281,0.393
8282,0.670999
8283,0.601
8284,0.6189990000000001
8285,0.62
8286,0.609
8287,0.731998
8288,0.827999
8289,1.478998
8290,0.507
8291,0.294
8292,0.44
8293,0.52
8294,0.622
8295,0.593
8296,1.611
8297,2.107
8298,2.658998
8299,1.884
8300,1.137
8301,1.18
8302,1.010998
8303,0.53
8304,0.476999
8305,0.613
8306,0.686
8307,0.685999
8308,0.669
8309,0.805999
8310,0.664
8311,0.772
8312,1.383999
8313,0.999
8314,1.052
8315,1.106
8316,3.126
8317,1.195
8318,1.518
8319,1.969
8320,0.806
8321,0.800999
8322,1.572
8323,2.009
8324,1.72
8325,1.076999
8326,1.307
8327,1.195
8328,0.62
8329,0.382
8330,0.515999
8331,0.601
8332,0.729
8333,0.705998
8334,0.679
8335,0.822
8336,1.767
8337,1.509999
8338,0.816
8339,0.759
8340,0.748
8341,0.643
8342,0.788
8343,0.643999
8344,0.613
8345,0.65
8346,1.233999
8347,1.787998
8348,1.953
8349,1.863
8350,1.246
8351,1.422
8352,1.000999
8353,0.337
8354,0.333
8355,0.535
8356,0.658
8357,0.653
8358,0.667
8359,0.738
8360,1.374998
8361,1.084999
8362,0.9089980000000001
8363,2.14
8364,1.876
8365,1.859999
8366,1.996999
8367,0.556
8368,0.534
8369,1.0359990000000001
8370,1.44
8371,1.639999
8372,1.643999
8373,1.141998
8374,1.215999
8375,1.107
8376,0.395
8377,0.33199900000000004
8378,0.381
8379,0.576
8380,0.6059990000000001
8381,0.624
8382,0.597
8383,0.567
8384,1.092999
8385,1.153
8386,0.847
8387,0.876
8388,0.766
8389,1.0153861095107455
8390,1.0153861095107455
8391,1.0153861095107455
8392,1.0153861095107455
8393,0.906
8394,1.119999
8395,3.0379989999999997
8396,1.343
8397,0.997999
8398,0.84
8399,0.847998
8400,0.518
8401,0.33299900000000004
8402,0.493
8403,0.542
8404,0.588
8405,0.497
8406,0.539
8407,0.588999
8408,0.932
8409,1.745
8410,2.374
8411,2.5739989999999997
8412,0.51
8413,1.509999
8414,0.6029990000000001
8415,1.206
8416,0.671
8417,1.245
8418,1.567999
8419,2.34
8420,1.367999
8421,1.082
8422,1.103
8423,0.377
8424,0.347
8425,0.478
8426,0.6039990000000001
8427,0.6199990000000001
8428,0.639
8429,0.63
8430,0.665
8431,0.773999
8432,1.377
8433,1.039
8434,0.8459990000000001
8435,0.468999
8436,0.751
8437,0.629
8438,0.71
8439,0.574999
8440,0.615
8441,1.242
8442,3.7879989999999997
8443,1.646
8444,1.4309990000000001
8445,1.497998
8446,1.054
8447,0.954
8448,0.365999
8449,0.356
8450,0.355
8451,0.528999
8452,0.564
8453,0.589
8454,0.529
8455,0.684
8456,1.4209990000000001
8457,1.011
8458,0.704
8459,0.572
8460,0.46299900000000005
8461,0.659
8462,0.522
8463,0.436999
8464,0.432
8465,1.084
8466,1.901999
8467,1.354999
8468,1.302998
8469,0.804
8470,0.973
8471,1.1049980000000001
8472,0.408
8473,0.355
8474,0.357999
8475,0.399
8476,0.469
8477,0.574998
8478,0.550999
8479,1.086999
8480,0.979
8481,0.836
8482,0.653999
8483,0.572999
8484,0.307999
8485,0.298
8486,0.397
8487,0.405999
8488,0.462
8489,0.526
8490,1.193999
8491,2.252
8492,1.891
8493,0.978
8494,1.011
8495,1.052
8496,0.366
8497,0.435
8498,0.663999
8499,0.556
8500,0.541
8501,0.573
8502,0.561
8503,0.688
8504,0.778999
8505,1.8539970000000001
8506,1.479
8507,4.718
8508,0.787999
8509,1.860999
8510,2.384
8511,0.6059990000000001
8512,1.041
8513,1.001
8514,0.951
8515,1.413
8516,1.097
8517,0.746
8518,0.817999
8519,0.372
8520,0.340999
8521,0.40199900000000005
8522,0.505
8523,0.575998
8524,0.748
8525,0.6159990000000001
8526,0.562
8527,0.699999
8528,0.882
8529,1.258
8530,0.876999
8531,0.713
8532,0.307
8533,0.292
8534,0.297999
8535,0.927
8536,1.306999
8537,1.610999
8538,1.950999
8539,2.0789989999999996
8540,1.734999
8541,1.741
8542,1.119
8543,0.951
8544,0.552
8545,0.462
8546,0.558
8547,0.606
8548,0.603
8549,0.683999
8550,0.597
8551,0.582
8552,0.8629990000000001
8553,1.318
8554,1.737
8555,1.123999
8556,0.8669969999999999
8557,0.829998
8558,2.297999
8559,1.6169980000000002
8560,1.287
8561,1.19
8562,1.333999
8563,0.939
8564,0.9789990000000001
8565,1.068
8566,1.059
8567,0.647
8568,0.38899900000000004
8569,0.578999
8570,0.708
8571,0.696
8572,0.737
8573,0.663
8574,0.703999
8575,0.667
8576,0.9939990000000001
8577,1.742
8578,1.409
8579,2.141
8580,2.393999
8581,2.236
8582,1.450999
8583,1.35
8584,1.497999
8585,1.812
8586,2.753999
8587,1.644
8588,1.446
8589,1.0559990000000001
8590,1.163999
8591,0.979
8592,1.134
8593,1.209
8594,1.166
8595,1.17
8596,1.161
8597,1.13
8598,1.147999
8599,1.201
8600,1.956
8601,2.641
8602,1.7419980000000002
8603,1.816
8604,2.030999
8605,1.245
8606,0.942999
8607,1.627
8608,2.151
8609,2.467
8610,3.319
8611,1.873
8612,2.075
8613,1.712999
8614,1.623
8615,1.084999
8616,0.543
8617,0.711
8618,0.7729980000000001
8619,0.748998
8620,0.710999
8621,0.715999
8622,0.711
8623,0.696998
8624,1.224
8625,1.817999
8626,1.53
8627,1.842
8628,1.306999
8629,1.012999
8630,0.765999
8631,0.848998
8632,0.957
8633,1.054999
8634,0.838999
8635,0.84
8636,1.11
8637,0.999
8638,1.016
8639,1.008
8640,0.912
8641,0.777
8642,0.45199900000000004
8643,0.44599900000000003
8644,0.643
8645,1.192
8646,1.286998
8647,0.74
8648,1.0989980000000001
8649,1.9229990000000001
8650,1.508999
8651,1.133
8652,0.945
8653,1.231
8654,1.216999
8655,1.099
8656,1.143
8657,1.286999
8658,2.1869989999999997
8659,2.016
8660,1.8
8661,1.476999
8662,1.193
8663,0.967999
8664,0.467
8665,0.491
8666,0.660999
8667,0.787
8668,0.862
8669,0.956999
8670,0.815
8671,0.939
8672,1.336
8673,2.099
8674,1.381
8675,0.782
8676,1.287
8677,0.992
8678,0.499
8679,0.851
8680,0.953
8681,1.385
8682,2.719
8683,1.597
8684,2.873999
8685,2.88
8686,1.336
8687,0.52
8688,0.447
8689,0.657999
8690,0.796999
8691,0.812997
8692,0.826999
8693,0.767
8694,0.835
8695,0.924999
8696,1.237
8697,1.708
8698,1.206
8699,0.827999
8700,0.301
8701,0.317
8702,0.383
8703,0.584999
8704,0.684999
8705,2.305
8706,2.067999
8707,1.688
8708,1.496999
8709,1.317
8710,1.116999
8711,0.556
8712,0.446
8713,0.488
8714,0.69
8715,0.757999
8716,0.816999
8717,0.7459990000000001
8718,0.749
8719,0.965999
8720,0.714
8721,1.062
8722,0.992
8723,4.164
8724,1.302999
8725,0.306
8726,0.304
8727,0.386
8728,0.478
8729,0.647
8730,1.689
8731,1.870999
8732,1.644
8733,1.303
8734,1.155999
8735,0.595
8736,0.423
8737,0.485
8738,0.664
8739,0.790999
8740,0.787
8741,0.7979980000000001
8742,0.854
8743,0.777
8744,0.907
8745,1.323
8746,1.0379990000000001
8747,3.430999
8748,4.449
8749,3.546
8750,5.245
8751,3.846
8752,1.39
8753,1.234
8754,4.166999
8755,1.902999
8756,1.529
8757,1.637
8758,1.468
8759,1.070999
8760,0.481
